,case_id,submitter_id,MKI67_tpm_unst,ERBB2_tpm_unst,ESR1_tpm_unst,PGR_tpm_unst
0,b1d44c81-747d-471f-9093-aeb262a17975,TCGA-Z7-A8R6,47.0897,93.102,92.8495,30.0026
1,b205bba0-1870-4458-9088-8817e20389fe,TCGA-A8-A09A,22.3349,313.412,150.6734,4.9972
2,b205c89f-af62-4186-acad-ed23d243fa98,TCGA-A2-A0YL,31.4504,92.8852,75.2462,131.5927
3,b26d41cd-393b-4cd4-8925-a9488f7de576,TCGA-C8-A1HE,22.687,203.5855,949.1958,3.9104
4,b2aac45b-2073-4c7a-adb9-769a4fdcc111,TCGA-E9-A1NH,7.7682,158.8444,259.1985,6.8365
5,b2ecbc0f-2c30-4200-8d5e-7b95424bcadb,TCGA-A7-A26I,55.2247,34.4533,1.1196,0.4298
6,b304302a-f2b9-4cd7-ab14-c21edf7778ea,TCGA-E9-A5FK,3.4505,77.7698,57.2383,20.3396
7,b3264748-947a-43aa-b227-b294fbcc8447,TCGA-BH-A203,30.337,58.6912,4.3941,0.4237
8,b343bfe0-7c23-4c6a-8c84-9ee39db2ecda,TCGA-GM-A2DD,12.0663,78.9268,0.7639,0.2414
9,b35fbe19-0e6d-427e-b9be-ee3527b5fca6,TCGA-E9-A2JT,29.0056,29.6131,67.1384,1.2218
10,b43e41af-1d82-4b5f-b8f1-add0510e6b86,TCGA-A8-A07B,44.5828,622.458,86.6311,11.3696
11,b58ad350-5140-4fa8-bc2c-24bca8395f3a,TCGA-A2-A04T,77.4553,74.48,0.3771,0.1709
12,b63391a0-73f8-4544-9e94-f6529245ca2a,TCGA-E2-A1IL,14.691,224.7853,315.1904,15.1667
13,b6633c36-7ce4-4b69-9bf6-30b64d46c66f,TCGA-A8-A07C,165.4733,74.3185,0.4402,0.2008
14,b6b1dc9a-91f4-4b0a-afd5-62c9a90c0d5e,TCGA-AC-A2FM,23.4057,466.4172,443.6487,6.5297
15,f30eb65f-fb44-4062-ac39-a38d072f655f,TCGA-B6-A1KF,42.0808,600.9341,6.4191,0.1307
16,f31c21b6-0f7f-435b-9e24-97c909755c36,TCGA-BH-A0HQ,14.3787,258.7349,221.4392,52.5121
17,f357fe19-5359-4662-8ce9-aa996132283b,TCGA-AO-A0JF,11.2373,144.4572,158.7186,33.9988
18,f3a058b9-fb7f-4098-8f0e-83c2acfa1ed5,TCGA-A2-A04R,50.4227,124.9159,133.0667,58.6095
19,f3b86c02-09a5-4e97-aa7a-86f13f7cda4b,TCGA-EW-A1PE,25.0513,129.4174,429.9286,34.4239
20,887b9e5b-99db-44ac-9c30-c0dc6877b41c,TCGA-D8-A1XW,19.1838,73.0747,1.1642,0.4218
21,88cd6ccc-70f7-436e-a99c-039b9d31e335,TCGA-AN-A03X,12.4253,131.5711,176.6453,44.0586
22,88db1340-e4bf-451a-87c0-6e9168296f5e,TCGA-EW-A1PB,36.0748,54.9921,1.035,0.0186
23,89128dba-403f-4a96-bb3b-23ed0d5e2147,TCGA-E2-A1AZ,134.7676,90.8141,2.4568,1.6325
24,89414e79-7f89-42d9-8228-101b5bf2f31f,TCGA-C8-A26V,23.9886,52.3943,170.9329,56.1199
25,a9b7d7fe-be31-4f71-afee-c1bfdf511888,TCGA-AO-A0J4,68.1002,67.9253,0.527,0.3012
26,aa4244a8-0454-4247-a1c3-357fd51746fa,TCGA-D8-A1JL,57.8368,53.2025,3.1416,0.6522
27,aaea5f9c-b35b-47f8-93cb-bdc7b81844ff,TCGA-A2-A25A,21.302,58.3282,48.1743,95.2917
28,ab89bb2e-da84-4116-a8cd-49aad7bbfd4d,TCGA-AR-A0TP,75.5549,48.2096,0.1304,0.1096
29,aba5f46a-e67a-4cd2-9c52-c0686968ff04,TCGA-EW-A6SA,44.5815,114.2089,389.9306,0.157
30,f45aa0b2-f3de-4db5-9730-e5c6c4e2ed3a,TCGA-EW-A2FV,58.7214,94.4231,56.5761,15.1988
31,f4b69043-4a67-48e3-a4d1-72a21ae2d175,TCGA-A8-A090,46.9442,270.0947,453.6189,103.9068
32,f130f376-5801-40f9-975d-a7e2f7b5670d,TCGA-A7-A0DB,12.661,31.0616,551.3101,265.2612
33,f251cb6c-d18e-4691-9c82-24ed1ac0abf9,TCGA-BH-A0BP,11.427,53.1597,166.9589,1.716
34,17f275c1-a0d4-487d-8f02-ea279584b4cd,TCGA-D8-A13Y,,,,
35,c2b104ee-f914-4e79-9e1b-56bf88157472,TCGA-E2-A14S,,,,
36,f2bbfa9d-9a9d-4f46-9fde-378e4c44e2ad,TCGA-BH-A0DK,28.2395,36.6409,54.5209,21.6761
37,7f97971b-2818-4e4b-9c9e-7c0246f9484c,TCGA-D8-A27K,12.649,234.1149,151.3597,70.926
38,a6edb6ca-ae9f-4da7-8ebe-92d83d2987fb,TCGA-E2-A158,2.0084,32.6123,14.6422,9.7102
39,197428f7-bd77-4c5f-8119-87157b5c35b9,TCGA-A2-A04N,9.8508,103.7304,197.6294,205.3364
40,5258294f-ef5b-4091-9183-6bcc545d54b2,TCGA-BH-A209,3.6607,54.514,34.3168,16.1121
41,a78b04b4-2380-4803-963e-e4e633cd69ab,TCGA-A2-A3XS,24.7056,97.3572,0.3634,0.2487
42,1a679332-30a3-4495-a2e5-39d299e14333,TCGA-S3-A6ZG,40.8972,155.4488,253.7078,99.8996
43,9f6be944-83de-42ab-8738-f0022f475e61,TCGA-GI-A2C9,2.3966,68.2719,41.1837,10.4996
44,2476dda9-da2a-4242-9642-b92b8b9b1c79,TCGA-B6-A0IH,,,,
45,4e3699da-4367-4a43-9d66-a117d3ad460d,TCGA-AN-A0XN,19.7757,46.063,47.0437,306.8203
46,3828b534-908e-4953-a3fb-07d01cf49c7d,TCGA-A8-A09B,,,,
47,a991644b-3ee6-4cda-acf0-e37de48a49fc,TCGA-AN-A03Y,20.5719,67.0161,187.8909,88.9405
48,90ff48c3-b14b-4a8b-94a1-98c0bab0d27b,TCGA-W8-A86G,2.9057,168.2576,165.1859,35.7625
49,a1093598-d3a8-4ffe-83fc-bc7d1faff7e5,TCGA-BH-A1EU,16.4449,56.2888,448.6612,218.312
50,a12fd22a-7f84-4b6e-b6d8-012e38eb73d7,TCGA-AR-A1AW,47.2897,64.8116,80.5605,21.7317
51,9d876f05-5080-4c4e-9bf5-45f631d381e5,TCGA-A8-A081,,,,
52,d13fb44b-291b-4ea4-920c-142daa8d1989,TCGA-AC-A5EH,18.4514,129.4031,7.7597,0.4016
53,64d4dfae-8d91-464b-adc3-80ba7caf54ae,TCGA-E9-A22E,10.0342,26.1079,102.3973,2.6658
54,afb9418e-91eb-4db1-aacf-12bd946c9ba0,TCGA-A8-A083,,,,
55,659b0170-e914-45ff-aa55-fcb8d3dc7b8a,TCGA-E9-A1NG,1.6351,29.122,25.8497,13.4847
56,4d26dada-5eb7-4d4e-8eb8-f5465c5c3428,TCGA-AR-A1AT,41.4945,3537.5456,22.1339,0.9745
57,0ed9ad26-7fdc-4d75-93f9-d029eee94993,TCGA-A1-A0SG,12.383,197.6731,239.981,196.5419
58,546248b0-22a0-4b70-a437-76fb0a238a0d,TCGA-AN-A0FJ,101.3356,57.3464,0.3379,0.1578
59,c49e3b18-fd88-48f4-8b01-300692ceb367,TCGA-C8-A131,24.1882,48.1679,0.7617,0.3067
60,5562455d-bbb8-46eb-a510-e8c6e1e26789,TCGA-B6-A0RL,,,,
61,5580b21a-2cdb-4777-ad79-6e06654144f5,TCGA-E2-A15H,41.0094,1183.2123,70.6377,14.6819
62,56203436-8634-4fd0-96b5-ba6be9d87857,TCGA-D8-A1JK,21.9794,68.2292,1.2859,2.4165
63,c07b122e-ac50-4db2-add2-5617a5d0e976,TCGA-GM-A2DA,12.74,392.6765,22.0534,8.2486
64,8cf54607-01ce-42b0-9bd9-8627edd9f3b7,TCGA-C8-A130,,,,
65,8d5fe6e8-d2cc-481f-a6a1-9cb6e7982cde,TCGA-A2-A0EW,11.484,141.1141,135.0679,31.9218
66,3a0775a0-61ae-43f2-b5f6-629a44355c2f,TCGA-GM-A2DK,,,,
67,c25898b4-eb33-42f4-bf3f-bf532a929e7d,TCGA-AO-A1KO,2.3597,41.8329,31.2598,27.4179
68,c2a742fe-3e8b-4210-85a6-7191a1123609,TCGA-AN-A0FN,11.9451,61.3134,78.612,4.3632
69,d2f2560c-ec80-4fea-9474-c47a2e85ea95,TCGA-AO-A0J2,68.681,132.3943,1.44,0.101
70,c348a9b3-c901-4384-a222-144387bac0c5,TCGA-BH-A1FU,54.2489,2201.6359,2.9071,8.9592
71,f475d460-75cd-4fe9-aa54-c90be12b4ef8,TCGA-B6-A0WY,12.4267,163.9892,47.2038,30.6948
72,c364e81c-eb1e-4870-ab37-9c661f5f2e3d,TCGA-AR-A0TX,42.5786,2642.6717,2.7299,0.746
73,d3d4d709-ab34-4617-aa8c-51a3d0a3efe6,TCGA-BH-A0DO,2.4099,91.7152,71.5369,29.3049
74,1f99e4d4-4e8b-4cc1-a129-227a2a82780e,TCGA-AR-A1AL,23.8972,153.3699,103.8005,157.9237
75,d48e9f25-f083-4f88-a92d-c12d9f765ba6,TCGA-A7-A426,9.3581,100.491,73.8174,70.5653
76,c462e422-eb8d-4daf-9897-2a9c6cbd783a,TCGA-A1-A0SD,22.6853,245.2534,146.4416,9.7251
77,c54d5507-bba5-4a1e-8885-3c3b1eed13c1,TCGA-D8-A27P,15.4732,244.0949,48.2495,34.1957
78,d5be2ab3-f748-480d-954b-385cf01b4c81,TCGA-D8-A27N,,,,
79,d5d8e76e-2f2a-49bc-ba0a-d51283611b16,TCGA-AO-A0JL,12.7748,105.3019,1.2972,0.1538
80,9676e46b-8f29-43cd-ab65-eb6a535cced4,TCGA-EW-A6S9,,,,
81,c65b835a-2d38-4250-a173-0780d2c2cf58,TCGA-E9-A1NI,23.3776,109.0708,247.1255,11.4316
82,ca20249f-b7ea-4fd9-9ecb-34f74755ae35,TCGA-XX-A89A,16.641,51.8327,32.4111,21.1386
83,d7308344-5bab-4073-bb4f-4d8cd8d7bd17,TCGA-E2-A159,,,,
84,d7808cbc-4b8c-467b-b2c3-f48d05b9ecab,TCGA-A8-A08Z,,,,
85,d7cac141-9269-4733-83ce-e1bc0b503254,TCGA-A8-A096,46.9406,124.0547,250.9826,5.237
86,c7c34fd9-3021-45b7-b6ff-30b4196585a8,TCGA-AR-A0TZ,81.8872,256.6063,174.5583,97.6888
87,c836951b-3ffb-4e20-8504-0eccb7d50dd4,TCGA-A2-A25F,67.8629,17.8291,2.1885,0.8432
88,d8ecba6a-9fff-4993-a799-9a8d2aea524e,TCGA-E2-A1LH,11.7235,35.3088,0.5704,0.0991
89,d8f8064f-02ef-4fed-942b-714cbe5e8455,TCGA-LL-A7T0,,,,
90,ed2617c3-5d3b-4688-9283-0f8a10e0b10d,TCGA-E9-A5UO,19.3301,250.0091,191.4533,41.9035
91,d9a1c06f-7b50-46b0-878e-89e8c31863ae,TCGA-B6-A400,,,,
92,2e32f31f-9817-4935-b259-96c59936ee33,TCGA-E2-A1L6,22.2968,125.6044,114.702,233.2505
93,e8ea576b-eb16-44f7-b241-daefc1375388,TCGA-A7-A6VY,27.783,23.5297,0.6931,0.1388
94,f51af6db-2655-47fb-9ffc-83a503a728ea,TCGA-AN-A0XR,41.3734,64.227,407.581,8.3272
95,f5539207-6534-4edc-a5a5-7666b5d16ba4,TCGA-A8-A08X,29.4514,1400.2966,1.2027,0.4528
96,c5f00132-1c6b-4337-af6f-596c652665cc,TCGA-AR-A0U3,149.9746,103.745,488.8288,15.1129
97,f5d4c2d3-cc69-4b38-8551-0917e3622a68,TCGA-AC-A2FO,6.8634,237.6835,257.0956,3.3892
98,c4699748-f01d-4b30-9c74-1ca77fb84ac1,TCGA-D8-A1XD,32.6294,217.5919,136.7272,65.2073
99,f6581eee-61b9-43d4-ab0d-ce5ce3ba1c74,TCGA-BH-A1FJ,2.0219,35.2875,47.2693,35.2539
100,a381275f-8858-4793-a8a2-0ca9db7274c8,TCGA-EW-A1J2,6.8851,268.4124,220.2209,39.469
101,f6eebd4b-b63a-4a9c-92d3-0d954a8a6655,TCGA-AC-A2FE,13.2314,164.3368,63.4759,10.552
102,5c8983f2-9788-4dfa-971c-3ec457b6166e,TCGA-A2-A0CL,52.5991,58.3324,14.8432,2.4819
103,f72c1d69-da35-459f-8542-59bfd6c09c23,TCGA-AR-A1AX,35.8653,636.7313,67.6571,67.2109
104,e9002f4e-ba0b-4738-9368-dd9614a5da8a,TCGA-OL-A66N,1.5766,171.3618,37.8663,0.5067
105,4f04bd10-9902-4a23-b15d-4f4409d79499,TCGA-E2-A108,18.3413,48.3077,42.9598,10.5041
106,e9a12df9-024e-4cbc-b6bf-e4e87485fa90,TCGA-LL-A5YM,10.8546,177.0072,60.1717,8.0886
107,a9bb8159-32f0-454c-a946-b3286a52b9d5,TCGA-A1-A0SP,41.2454,51.0204,1.8308,0.385
108,ea645243-df49-4466-a255-9f3d4321e357,TCGA-LL-A73Y,22.6974,72.1867,0.8478,0.7263
109,7acf33e7-c386-45fd-8c9a-469600378687,TCGA-A8-A08I,46.6598,64.5561,558.9149,75.0629
110,eadb0562-2165-4adb-ad58-018e73f82780,TCGA-E2-A14W,12.5703,114.0282,162.234,49.2612
111,f947d67f-4aa2-4eb9-977e-21a5ae563613,TCGA-A8-A08P,28.6276,201.9265,98.5237,7.2475
112,eb2dbb4f-66b6-4525-8323-431970f7a64e,TCGA-A2-A0CM,83.995,42.1815,2.2302,0.1958
113,dd0f8e5a-383d-4f03-bb71-0e115d4e442c,TCGA-C8-A12M,19.8654,239.5651,452.4746,1.4205
114,ebc460c2-df88-4dc0-a2c0-aca8072b75ad,TCGA-AN-A0AR,56.3372,31.5772,1.0221,0.0361
115,65077db7-dd59-4362-9d28-d5a9154e9be0,TCGA-C8-A278,26.2348,735.8495,1.5134,0.4584
116,ec0155ab-1b14-498d-8fa9-9f63e3ccb990,TCGA-E2-A1IH,19.4151,80.6994,90.9551,17.1825
117,b6b932ce-6856-4d94-9e6c-16dfbe51906f,TCGA-E9-A1QZ,19.6014,131.9169,139.9247,27.3206
118,ec461eaf-f5cb-4225-a9a0-59d8e6c17ea6,TCGA-S3-A6ZH,14.9941,239.9496,68.155,130.2363
119,bfa3dbc0-361c-400e-8c10-0aca7049fce9,TCGA-D8-A27W,40.7218,178.7594,114.5948,2.1311
120,e7bae6e7-f779-449d-92b9-66996041e00d,TCGA-AC-A23E,20.9297,121.735,69.8317,87.8415
121,ed6cef77-1bd9-4e3b-b576-550a91e4253a,TCGA-EW-A1J1,15.5878,139.8954,215.2259,126.9325
122,2481a671-760b-428c-968d-42e25fd42ac5,TCGA-AC-A3W7,20.6717,172.3805,183.3421,11.9492
123,ee5744c0-a8dc-43f2-abdd-0b5529a3e9fb,TCGA-EW-A1P6,16.6851,105.6582,311.4014,340.4869
124,eebad74f-5961-4e91-b0eb-157a2f6f952b,TCGA-E2-A1L8,7.5933,76.7326,122.0779,59.13
125,2192c1db-4718-4254-ba42-3ae7f30ad5a8,TCGA-A2-A0EQ,65.848,78.1859,5.7854,0.115
126,ef4cbd38-bc79-4d60-a715-647edd2ebe9e,TCGA-E2-A1LG,45.1118,142.6494,0.0818,0.0153
127,91b09291-5944-4691-a0d8-7d1ccc649b9b,TCGA-BH-A6R8,6.1239,153.229,116.6273,36.9478
128,f02931f8-d72a-481d-b532-8b141dab115f,TCGA-B6-A0WW,30.1797,174.3589,428.3698,11.1227
129,f04dca9e-409b-4300-b11d-12243e5d361d,TCGA-E2-A576,16.5675,157.154,156.587,15.5398
130,f05d314c-5ec5-4e2a-b785-9a702716f111,TCGA-E2-A156,23.5819,260.3052,818.5541,326.7676
131,f062cbd0-2426-40ac-a4be-e74ac61fa2a7,TCGA-A7-A56D,9.2997,53.4042,42.7037,2.3062
132,4da999a0-ef41-4a0b-b1d1-446b39cc855a,TCGA-EW-A1PH,48.2494,106.4,0.2672,0.3225
133,f0787165-6f58-4d67-b510-928eea2c4882,TCGA-E2-A109,87.5438,219.2114,259.5498,0.4446
134,7d681cc6-689d-41c8-9e84-e13733089ec9,TCGA-AR-A1AS,21.527,134.3247,201.5622,71.2005
135,f0de67ff-8967-4fce-9c12-0e07193285cd,TCGA-E2-A2P5,43.2882,63.5618,90.9866,38.404
136,599c3701-df7a-4a75-a347-fa9b510dd242,TCGA-AR-A24K,47.9621,139.7,197.1053,126.6868
137,95c53ecf-d8f1-4bcb-9b1a-c9a0542939f0,TCGA-LD-A9QF,17.94,2462.0887,1.7497,0.6349
138,17ca61a2-607a-45ff-88fa-ef72e80bf891,TCGA-BH-A0HF,,,,
139,f2622cdb-ac92-42b3-a1ca-67e133c3dd4a,TCGA-AC-A3OD,33.1875,25.2666,267.7033,46.295
140,b3bb8fd6-ee54-4813-b042-2bbe70115382,TCGA-BH-A0BQ,8.6144,194.838,68.0058,25.1643
141,f2da1d3f-f226-4c99-a97e-9b26f67d7a5d,TCGA-E9-A1R0,20.6449,152.0281,117.4024,194.5119
142,f2e28af9-c40e-41c4-9e82-205cca38f26a,TCGA-EW-A1P1,14.8031,83.5537,11.0874,9.6927
143,e6b79d7a-ed6b-459a-b040-d142616e7ab4,TCGA-BH-A0BF,31.4192,51.868,21.8349,10.7343
144,a721dac6-0126-476c-b2d4-2dbf7406454b,TCGA-AC-A23G,11.5847,118.5879,67.599,54.1671
145,a76774fe-7298-4d68-a2b2-c1bad93f0c31,TCGA-GM-A2DL,22.8058,49.4009,67.1245,62.7842
146,1a18974d-967c-4727-b42e-12ae7be66589,TCGA-B6-A0I5,5.724,110.9521,38.7649,15.6911
147,a8015490-9740-45c9-8bd2-eb6d1beefc2e,TCGA-E2-A152,26.202,4603.2464,6.6671,0.7036
148,4dfc233b-ed03-4825-8089-e04cdee99996,TCGA-EW-A1PD,73.9063,344.2777,207.4045,5.2151
149,9fefbe7c-f66a-4940-843e-285cb7b392c1,TCGA-AR-A24Z,73.6721,81.6066,638.1713,55.7571
150,a0576d44-9add-429b-9eeb-f7b234b7385f,TCGA-E2-A14Y,65.3202,1558.4883,2.2655,0.0952
151,14267783-5624-4fe5-ba81-9d67f1017474,TCGA-BH-A0DP,1.0712,244.2117,133.8749,32.7298
152,a0963e93-b63e-4de2-86c1-81302e271d3e,TCGA-AR-A250,51.0541,938.5356,241.7855,1.1346
153,d10a4887-373b-4726-a61d-126f950e4a06,TCGA-BH-A0C1,50.6349,164.82,131.0311,81.2562
154,d111c4ab-b39a-4a7c-8d8e-cb342bc10627,TCGA-A2-A4RX,23.654,115.4415,3.0156,4.2257
155,a1674d7b-787a-45c4-bf16-1b7d0efce207,TCGA-E2-A15P,6.4637,245.2368,253.9094,4.2883
156,738e1acc-1f0c-4a96-9c8a-222727ef5af8,TCGA-AR-A2LJ,7.3221,935.8472,22.6145,13.8769
157,d1703dbd-5c93-4cf2-a4d1-0d90640882bd,TCGA-AR-A0TR,10.6119,215.6271,608.6077,220.5259
158,4d120899-9a80-4736-b097-285e9e261bcb,TCGA-AQ-A1H2,5.0942,191.2381,892.2475,2.6769
159,a5b44d66-c162-46b5-9df2-86305f0385c5,TCGA-A1-A0SK,153.302,6.7185,0.1778,0.1246
160,53d0af48-d7ea-42c9-8695-c614b89b415b,TCGA-EW-A1P5,15.8718,93.2722,432.2218,206.688
161,e36e985d-2c44-4e14-854a-7dbca4bb0304,TCGA-E9-A3Q9,1.8073,33.9274,107.9396,123.8606
162,e3935ce4-64d3-4a66-ba11-d308b844b410,TCGA-E9-A5FL,13.8305,27.7342,4.5339,0.0163
163,e3b555aa-7f0a-49c6-9b13-182c61a144c1,TCGA-A2-A1G4,56.9116,66.6796,667.7276,49.8453
164,87e09544-eddb-473b-8617-212407ce644e,TCGA-E2-A106,10.4681,163.6874,219.7808,33.8239
165,557cb0a3-6f1b-4faf-8296-0a15c24158f9,TCGA-BH-A18P,91.9489,276.4907,33.0507,0.5274
166,c31900a4-5dcd-4022-97ac-638e86e889e4,TCGA-3C-AALK,14.3286,550.8894,30.2662,24.9864
167,f3cb557d-23e4-4fd1-81ca-db1a3f56d56e,TCGA-E9-A3QA,27.5083,51.6483,10.4941,0.4523
168,56230e4a-29ca-4f37-a0f9-730dbdfb6fa2,TCGA-AC-A7VB,,,,
169,c0892598-1f7b-4f23-9cd8-731f797753d5,TCGA-A2-A0YG,74.2164,2606.4779,169.8854,0.855
170,c710f4ab-fbd9-42ed-95d4-4e6d51207f38,TCGA-BH-A0B4,19.1782,180.4494,80.4835,13.6976
171,79126e88-9cf8-45ff-bf91-a98da3b304d7,TCGA-AC-A2FK,4.3546,226.2886,17.6803,75.3155
172,8d9b50d1-139b-4447-ae9c-e54764d9e2a7,TCGA-AC-A6NO,20.0787,216.3465,91.0705,69.0967
173,c1e704d6-a33b-4891-90bd-992b0040c075,TCGA-C8-A3M8,10.6253,290.5688,286.3962,0.701
174,27dfb9d4-3a2c-44bc-9acf-8f638d3f3004,TCGA-BH-A0GZ,4.3103,67.6193,194.1962,27.2468
175,d1fd8ed2-be13-4272-b31e-df86911db3b1,TCGA-AR-A24P,41.3197,208.5514,194.5045,44.2815
176,095c7985-3842-494f-b591-706ad1cd2133,TCGA-AO-A03M,34.9329,242.1776,38.1995,22.4482
177,b5b99291-507e-4b68-a039-9a0f571f55df,TCGA-AO-A12H,8.8161,69.7829,618.9381,3.8453
178,d3b9d925-ae04-4721-8bfc-50b41225bc74,TCGA-BH-A0E7,20.5999,159.8471,393.1629,644.8363
179,c397e6c2-ba3a-4f5e-a258-c140611192fe,TCGA-A1-A0SE,30.2323,178.1627,67.2242,96.5261
180,d3d545b3-457f-4389-821f-704cb24aff7f,TCGA-AR-A256,185.5406,37.5762,0.5641,0.173
181,ad18820b-a804-49c0-ba8a-86c09fa6bce2,TCGA-BH-A1F6,1.6342,30.0212,38.8897,20.6762
182,3a711140-1b89-4611-9992-3861e3d0e01a,TCGA-A8-A06N,12.1649,245.5863,702.6453,0.2306
183,d4e7426c-9739-4585-9114-e564b13c7c02,TCGA-BH-A1FG,0.4228,14.9014,69.4204,17.77
184,d67cd793-2931-429a-9084-2f3c4c8be7ad,TCGA-A2-A0EY,32.451,1680.5636,87.8834,0.4756
185,c5891c7a-fd24-4891-8f51-373967e4a6dd,TCGA-BH-A0AW,24.1398,1481.9372,3.1669,0.3182
186,9c55032f-4db7-4026-ae83-8d060dd8e3fe,TCGA-D8-A27I,12.1895,117.7011,158.8337,32.4659
187,d5e9a403-88ce-40fc-bb85-80cf3f8ff6bc,TCGA-D8-A1J9,,,,
188,d69e59a8-b10b-46f5-b859-b6c178d90506,TCGA-A7-A0CJ,,,,
189,c694615c-b1c6-499c-8058-995633ebf948,TCGA-E9-A1RF,0.4323,6.6486,8.1691,1.8175
190,cf0e7e4e-b857-4db5-9ae2-551a899f77be,TCGA-AN-A0XP,10.9492,177.4658,562.6695,64.4769
191,c744fc13-3aca-4245-9e24-abd368cc8bef,TCGA-A2-A0CX,29.5757,1465.7897,2.9912,0.5419
192,6f89509c-f802-482e-b4da-94553aa76fe9,TCGA-AR-A24H,73.8092,269.6186,199.4186,13.3676
193,d8492ebd-3d94-4a4b-8de7-386526691cc2,TCGA-E2-A1BC,3.0539,194.4248,111.9675,53.4487
194,dcd5860c-7e3a-44f3-a732-fe92fe3fe300,TCGA-AN-A046,16.5196,100.6484,202.7067,164.2788
195,d9627184-b972-4e00-8c11-b0b946ac357a,TCGA-AC-A5XS,,,,
196,ca76c6fc-ff30-4833-884d-3a94fe53ff17,TCGA-BH-A0EE,25.0522,498.4834,3.1141,0.0464
197,d9dc3b59-613d-469e-8b4f-6c5a557eb26a,TCGA-EW-A3U0,,,,
198,747083ff-0703-431b-aad4-f2adff739516,TCGA-BH-A18G,19.9758,20.6101,0.4148,0.1093
199,da286247-e8bb-4941-a2af-2453fe61cd02,TCGA-EW-A1PG,3.7276,130.3055,49.9466,27.8096
200,5c59028f-b8fa-4811-8314-be3eaed5f364,TCGA-EW-A6SB,8.6266,21.7536,0.4333,0.0874
201,da840a22-8d30-4682-bbd0-8fa87bd40528,TCGA-E2-A15C,10.7678,212.9728,300.1964,145.5586
202,daf62b56-6dd2-4ab7-adaa-f296bb86a0a5,TCGA-AR-A1AV,24.0033,211.0046,428.0594,75.9988
203,0b172e29-6166-4863-803d-a0a010887c11,TCGA-B6-A0RO,5.7372,173.8683,389.9688,3.9436
204,72e486b8-a866-4916-b2e4-8b4bb5dcd92d,TCGA-A8-A07R,96.4611,100.2994,0.2473,0.0883
205,db62d9c7-8343-4771-84fc-146d2e307bb8,TCGA-AR-A24R,38.9984,93.7483,134.9298,18.3474
206,db8d38ab-cc61-49ee-863d-40060112f2af,TCGA-A8-A08H,37.6286,39.8386,33.394,9.2334
207,b804f7ae-da8f-4414-be11-f880f1859160,TCGA-B6-A0IC,24.8041,166.7265,567.2348,121.6067
208,dbb2da92-99dd-400c-bc05-e87d7273656c,TCGA-E2-A1B4,3.5693,174.9985,331.9626,81.0437
209,dc696e3c-f448-468f-a576-f4429be0338a,TCGA-A2-A0SY,16.4518,420.0192,146.6506,50.918
210,dc11b1c7-1f00-4813-b4b5-ecf776b2eb37,TCGA-C8-A26Z,21.3375,223.5495,1062.9508,0.9088
211,b5fba77b-1f50-4e71-95b2-566afba4bdd7,TCGA-A2-A04Q,33.4451,35.8567,1.1941,1.0048
212,dcb68327-1537-4ca6-81de-3910d0663cb8,TCGA-C8-A8HR,22.369,96.3739,32.6826,8.4189
213,074e8b06-3929-4896-9263-3b80ad6a355b,TCGA-AR-A24S,78.9481,60.0592,177.7585,46.1661
214,dcfd0b1d-5707-44a6-b225-5e8f7cea5ca1,TCGA-A8-A097,25.7749,548.4969,179.9803,36.3998
215,59bf0ce4-715a-4017-bccb-c59916e78324,TCGA-A8-A07U,54.3566,76.1267,4.2562,0.5374
216,dd67408e-46ba-4573-9415-d4814e9f84de,TCGA-E9-A226,34.3382,73.0552,180.8618,87.7362
217,dd6b64a8-d546-4fd1-bbbd-ac9703791cae,TCGA-AO-A03T,8.2196,29.2507,25.8341,2.6339
218,7b605fb6-d077-401e-b870-b87ddf505f82,TCGA-A8-A0A9,34.5425,204.9362,338.464,59.7503
219,0bc5744c-5fa3-45bb-87d0-70a02068b392,TCGA-BH-A0DG,34.5105,75.8719,55.4687,2.1513
220,6fa2a667-9c36-4526-8a58-1975e863a806,TCGA-AC-A2BK,82.4856,34.8446,0.2301,0.0955
221,0c1023c0-d2ce-4940-8047-7642f1dc3965,TCGA-BH-A0HB,20.406,70.664,329.4863,19.1862
222,7032ec9c-e96b-4642-a7b6-d0aee7a3add2,TCGA-A2-A0EV,19.6382,226.5908,186.5277,119.8026
223,0d03055c-186b-418a-b614-e2035757bc3b,TCGA-D8-A1JS,3.0124,157.2236,169.6779,91.5871
224,0dca98b0-f43e-45b6-9a02-00092c78678c,TCGA-D8-A27H,75.0303,85.3709,0.6258,0.5471
225,71229981-97c2-4ae1-a130-fe5de336b37d,TCGA-C8-A12T,80.9642,714.7918,28.9174,20.4827
226,71626753-cc34-4731-abc0-ae188b0964e7,TCGA-AO-A12C,9.9861,356.2938,72.2038,14.1116
227,0ec70e40-07df-461d-8ff9-351240a0d454,TCGA-A7-A5ZV,,,,
228,6d4860b2-21c6-4b7b-9093-2f32700d0612,TCGA-OL-A5D8,14.5689,167.9352,202.719,180.1038
229,6dd0dd7b-62ff-4fd1-a99a-b265f1a91dca,TCGA-BH-A1FN,4.4984,39.0343,9.3472,11.9609
230,6ddaee34-46eb-490c-bd13-f0ab963c4322,TCGA-GM-A3NW,7.7892,190.8673,100.1363,0.4817
231,26573441-eedb-4364-966c-e7f803deef19,TCGA-BH-A0BO,5.4284,127.9895,166.7925,26.2107
232,72cd1b17-d349-4551-83f7-3062ce9db865,TCGA-A2-A0YI,6.8153,107.095,286.8847,45.3917
233,271404de-24e8-43f6-806b-fb510c1124c4,TCGA-B6-A1KN,61.0197,2550.5875,126.4316,0.9266
234,271e8024-a008-4bf0-9f6e-177f60096b1b,TCGA-E2-A15G,13.7291,180.8018,448.6674,285.459
235,73ccc949-01b7-48d3-a7c4-c4bcd261672a,TCGA-E2-A15A,38.1802,158.5208,73.3609,27.0612
236,28911b97-42bf-4189-9961-522fc0aeebc6,TCGA-D8-A1JN,,,,
237,7455d832-ad66-40df-85d7-3a7051c4498d,TCGA-A2-A0ER,43.2723,130.2455,393.1995,14.8471
238,298d33da-15af-48cb-b30f-eaf54e7baa43,TCGA-A2-A0YH,35.5539,119.3103,149.1981,5.8637
239,74f31744-0aed-4633-beec-4e203315f0b7,TCGA-BH-A0DT,4.1941,155.5021,39.1687,53.3001
240,dd96a9c7-899c-47cd-a0f9-b149ed07a5d6,TCGA-D8-A1JB,5.5267,193.0301,128.5337,4.2263
241,9964f447-92ad-4d1e-af20-11cf84fab7b0,TCGA-B6-A408,6.0469,121.5924,261.813,18.1522
242,dddd8e2f-e540-418a-b02e-698d18a12c14,TCGA-A7-A26H,26.8313,212.1086,282.8683,136.0256
243,99927651-34be-4795-893a-128d8a1fdb30,TCGA-AO-A12A,22.3725,123.6797,115.006,199.5828
244,a6cb373a-1604-4e25-bd81-da6c3e4f06ee,TCGA-AO-A03V,34.1921,109.2495,79.9749,62.2932
245,9ac44381-5d43-4f63-aa3f-7703bfc923c9,TCGA-E2-A10C,11.3969,91.3075,147.3222,0.2683
246,9b13927c-7357-44fd-8385-92ae6a656b7d,TCGA-B6-A0RG,23.7857,156.4389,208.8164,36.5148
247,ba39bfbc-5cac-4f6c-b55c-4eee3466ee93,TCGA-BH-A0DL,43.863,28.2726,20.5283,0.1231
248,9c895825-d6f6-4d14-a662-23212200f6e5,TCGA-AR-A5QM,13.0968,110.0624,174.2564,55.2571
249,ba89cb4f-cd63-47b1-9550-76fdaff89f2e,TCGA-A2-A25E,33.0118,137.3835,129.116,36.3802
250,9ced0c70-c46c-4f98-8f48-840defe4b8b1,TCGA-D8-A1JA,26.7005,1217.533,1.8088,0.2709
251,baf2afc8-f16c-488f-947c-efc9083c6bef,TCGA-D8-A1JI,4.8959,113.5764,221.8506,269.8127
252,9d8702e1-1a36-4bca-85ab-5f11d58d7953,TCGA-A2-A0EX,6.3654,230.8198,56.456,61.3706
253,bb1de798-0c02-437e-b539-33cb556d3993,TCGA-EW-A1J3,14.5053,769.4245,137.5205,28.9401
254,bd5374c9-7f36-457f-b66b-7cc7ff64224e,TCGA-GM-A3NY,5.063,60.6233,124.1041,1.2783
255,9ddc014d-9a8b-407b-845f-452a73f08e5e,TCGA-A2-A4S2,9.3177,157.857,92.7716,70.4696
256,be9bf36a-12e1-4386-addf-1686dc8b49de,TCGA-E2-A153,8.9704,163.3374,59.7156,62.7369
257,9f3cc92b-fa22-478e-a2e4-6b4c8afb93d6,TCGA-E9-A24A,19.8798,80.8974,522.7163,85.7524
258,4d51159f-ab2f-40e3-a363-847c3654431e,TCGA-C8-A26Y,,,,
259,6623fc5e-00be-4476-967a-cbd55f676ea6,TCGA-4H-AAAK,18.8859,237.3369,84.1604,60.8592
260,753d5d49-3b40-4737-9d4c-b1ec29cc2692,TCGA-GM-A2DM,6.0741,81.6189,151.8428,111.3717
261,757df7b0-4774-4493-98bf-999ded9ac86e,TCGA-A2-A0CY,13.8351,41.6591,138.9173,0.9034
262,75b3fe55-1a63-426e-867e-2ef52f54778d,TCGA-B6-A402,14.5783,64.4305,0.5894,0.0813
263,67526f5a-3a30-45b2-aeab-2b21a855063e,TCGA-AR-A24W,4.6935,102.0132,184.8913,64.6087
264,75f6e476-233a-409c-a3ef-0240be569813,TCGA-JL-A3YX,,,,
265,67eef990-5ff4-45d1-843d-d22d7848f130,TCGA-A7-A0CG,20.2561,102.1145,289.5071,5.2892
266,680f23a9-fcce-493e-b908-27c1ad202e4c,TCGA-D8-A27E,4.6634,99.1705,685.9768,1.8075
267,69054195-9e93-49e5-b820-69b0091cc2d4,TCGA-A8-A06O,52.876,126.3601,259.6853,61.3533
268,6951fe6a-d7d1-4f41-85af-76655b5d1f62,TCGA-C8-A8HQ,33.0043,131.3235,34.3697,6.3901
269,6956473b-92e5-4069-a26b-b48e280e76f2,TCGA-B6-A0RU,82.1369,66.2791,5.376,5.082
270,78e1da41-127c-4e9c-aaaa-77a0d94c31d0,TCGA-A8-A08C,18.473,157.259,533.8755,1.2745
271,69fc24fc-cfe2-487a-935f-1a954b30b709,TCGA-LL-A441,25.1945,63.9971,6.437,3.0456
272,796b593f-5886-4a27-bf94-7ea8df325e1a,TCGA-A2-A0YJ,43.161,940.6827,0.327,0.1211
273,6a2972e3-cca9-47e5-aac0-b770f2399eeb,TCGA-BH-A1F2,21.394,724.2411,48.7278,2.1402
274,7b892055-c59d-4550-8688-ad039790af3d,TCGA-BH-A1EX,15.87,145.8705,19.9704,1.0696
275,6b4e0262-f589-4532-b578-9f2d76c19d90,TCGA-A7-A3IY,10.9729,35.4359,180.2309,76.3768
276,6b923e30-2ddc-407f-91b1-c202f1373fbb,TCGA-C8-A12K,44.6382,29.2034,9.8195,0.1772
277,7d9d3522-ec3b-4efe-8c8e-c0e675276ef5,TCGA-BH-A0GY,19.9046,84.1662,55.1326,142.2821
278,6c0066e3-96df-4870-bcd3-98cda64082e9,TCGA-BH-A0E6,35.4446,49.4501,3.3561,0.4331
279,6cb6f179-defd-4661-af0a-c353b74c0c49,TCGA-A7-A26J,60.1383,187.9392,123.1771,62.1715
280,6cd9baf5-bbe0-4c1e-a87f-c53b3af22890,TCGA-A7-A13G,15.5273,54.1363,517.248,31.6679
281,42f6f503-4cf6-4a8e-b5fe-b44bccf6b38b,TCGA-D8-A141,20.1053,118.0684,64.7746,60.1363
282,43029932-feb0-4658-97fa-645c1e775009,TCGA-AR-A1AN,22.2334,65.7519,81.2101,98.3649
283,433427a1-bacf-4381-91ba-5fec8a0953f9,TCGA-BH-A18S,1.9451,93.7584,61.3394,8.7453
284,43b3bf47-7313-4dfb-952a-ec0b9d48e16c,TCGA-OL-A5S0,20.2884,100.044,0.3122,0.2256
285,1026e0bf-5640-4fa5-b65f-4f11e8e76b18,TCGA-D8-A1XS,45.4039,256.8194,188.2452,56.3778
286,43cc074d-b85a-4b0b-8feb-833094ffc565,TCGA-BH-A6R9,14.2542,31.8,2.3754,1.0403
287,10c9be1e-2cc0-45e4-8d2c-c013ea63ef05,TCGA-AN-A0FS,,,,
288,441919eb-8c9f-478c-bda3-8de4f8295e8a,TCGA-C8-A12L,,,,
289,44954053-0b93-4577-a436-42777e442300,TCGA-B6-A0I9,,,,
290,1174f6e4-ffbe-4e59-a000-8d861c968369,TCGA-AO-A03L,78.1875,224.5574,58.0639,5.5228
291,45013972-2dfd-4f82-a076-e3e4af1b43b8,TCGA-UU-A93S,17.9461,4187.5729,0.8209,0.3337
292,125b0a9a-6cbe-4207-9178-e7ff03487e87,TCGA-AR-A24O,35.903,78.0459,102.3782,102.4549
293,451e1a67-47e6-4738-99d7-fb7771ef61a3,TCGA-B6-A0RP,,,,
294,65cac997-4d39-4501-85ec-4fcb328a8eb5,TCGA-GM-A3XL,34.0611,34.2118,1.9429,0.1268
295,001cef41-ff86-4d3f-a140-a647ac4b10a1,TCGA-E2-A1IU,11.8814,217.5923,442.932,69.7056
296,57cf380d-ab52-467f-b9ae-740b2f84c820,TCGA-BH-A42V,5.1481,186.6013,24.7023,40.9945
297,58090433-d8d1-4499-a235-810c3e9d5b74,TCGA-AQ-A54N,15.4177,33.6399,0.1174,0.0122
298,58959e88-54e2-4558-9664-2effda7403dc,TCGA-AO-A0JG,,,,
299,58c56d4b-3f85-4aad-a779-5f9e1791677d,TCGA-AO-A12G,8.3151,109.0268,101.7279,4.6773
300,59be60a3-e0f6-4d63-b98c-574ef92428c4,TCGA-E2-A15M,1.3232,85.3358,43.4841,25.5291
301,59d60247-e549-4326-a672-50b05c13a291,TCGA-BH-A8G0,3.5362,163.4815,78.1153,36.9288
302,01263518-5f7c-49dc-8d7e-84b0c03a6a63,TCGA-A8-A07W,62.0889,132.4036,539.6291,51.5727
303,5a53ec47-e63f-44a2-8078-87659544fb04,TCGA-A2-A4RY,6.8385,210.3272,27.967,48.9367
304,01674b2c-5cf2-478f-84a1-f69c39f47bd4,TCGA-EW-A1P7,14.364,153.3631,6.9557,4.9633
305,5a5f0f48-2b13-4e78-b130-901b85d9a7f3,TCGA-C8-A273,27.785,65.888,137.3092,10.8122
306,01eef340-598c-4205-a990-cec190ac2ca5,TCGA-B6-A0IQ,41.4735,39.9048,0.2707,0.0528
307,02bbb632-0f7f-439d-b8f0-c86a06237424,TCGA-AC-A2FB,2.3359,64.8882,38.3501,19.7845
308,5cdae21d-eee5-478f-932a-0f51fcf5f031,TCGA-E9-A1RC,35.5531,122.0832,538.7526,89.708
309,5dc1bee9-c44d-4fdc-9ae5-83426c4d6880,TCGA-AR-A0TQ,70.7157,1881.7851,45.8751,0.3666
310,035cb359-eac3-484a-9e88-3ddc739440a3,TCGA-BH-A0DX,28.8908,51.1302,252.8223,1.5305
311,5e2cbc56-97f9-4b94-ade2-a3f739bcc7be,TCGA-EW-A1IW,36.4767,2300.9889,229.3546,87.6179
312,03c143e0-d8a1-4d60-a4a3-df0501fc6b6e,TCGA-E9-A1N3,,,,
313,5e670fec-8992-44bf-8657-f7f9a272306b,TCGA-A2-A0EN,9.3425,92.4114,85.9962,0.7359
314,048549cf-d0a5-4743-a0a1-2004f7cc2b08,TCGA-AC-A3BB,5.058,124.8137,34.6664,28.789
315,5f4d16aa-9cc4-4edb-b714-394e2661439a,TCGA-BH-A8FY,8.9712,85.5913,207.4491,38.0931
316,a2453bcb-90f2-4505-949d-a89cf4bfc9b8,TCGA-C8-A1HF,44.3639,2521.7184,13.4684,1.629
317,a272171b-44f5-47a5-89be-7520413c01ad,TCGA-A8-A07Z,25.4372,135.4617,218.9926,64.2132
318,6f4c8d30-47fb-47df-9eb7-4e5881e3711e,TCGA-AC-A3QP,2.3227,133.4898,12.9718,12.5842
319,6f6afd31-b5dd-48ab-b18f-6390ba18a5f0,TCGA-D8-A1XF,43.9436,145.5242,163.8818,0.7729
320,8c51bbcb-7c8d-47ad-9193-70ca157c6900,TCGA-AR-A251,125.3878,52.2213,5.9547,0.3925
321,8c7e74e0-71ef-49b8-9217-94b8ef740ef9,TCGA-A7-A13E,31.4136,122.4302,5.2557,0.3635
322,a8a33ba9-0976-4e19-b0e9-fa5ba4d4eaa8,TCGA-BH-A5IZ,92.409,97.0851,18.2067,0.1137
323,8cd1ba0b-ead9-4661-a796-6c9dbf1c42cd,TCGA-AC-A8OR,8.8745,82.8841,273.7279,59.7812
324,3dbc8d60-3a97-47b2-91d0-c18fb46b4365,TCGA-E9-A54X,11.791,79.5846,468.5886,125.0907
325,3e25056d-d137-49f5-abaa-f68509426600,TCGA-AN-A0XT,10.5101,77.6126,565.9002,3.7523
326,478eb8aa-50b8-4ce5-98e4-d518ede4b174,TCGA-BH-A0DZ,6.088,780.0548,13.8263,27.5802
327,3e9f93c0-aa79-4b4c-bd6c-b3325912362a,TCGA-AN-A0AL,79.7793,38.6533,0.8617,0.6503
328,48ff0420-0f19-4e9d-a75d-6c54949a461a,TCGA-B6-A401,10.8915,172.6776,86.7103,80.7283
329,6e126b73-d3e8-4641-a128-306f3b313e40,TCGA-AC-A2B8,18.4523,128.3142,85.0537,182.0691
330,491d5ebb-e9ab-4b17-acb8-630ff9fef0f2,TCGA-AR-A24X,22.3281,211.6462,74.8387,166.0932
331,6e6b7742-a562-490b-bb72-04a5653852e4,TCGA-GM-A2DB,19.2741,33.2475,0.579,0.1091
332,4958c36f-1dc7-4f14-9dec-36e14107dbe3,TCGA-D8-A145,12.6733,131.6766,265.003,3.1206
333,a1da9db1-db11-4f4d-a249-c738db81b87e,TCGA-AN-A0XU,83.9342,104.6099,9.9871,0.0714
334,a2434f47-2168-47d0-9bbb-981071597843,TCGA-JL-A3YW,,,,
335,05135396-df5c-49db-b34e-f4add5b65a2b,TCGA-BH-A204,0.739,15.3866,18.9619,4.7858
336,05506f4c-e701-4a9d-ae06-97f066aade43,TCGA-AN-A0AT,58.995,31.384,0.3127,0.0445
337,058dcb78-bed1-40c3-a6c2-a0cc40065531,TCGA-A2-A0T3,48.9327,127.1311,201.7249,134.4197
338,cd0c96a4-6414-4efb-879b-7408b62ed5b6,TCGA-A2-A1FV,13.8794,85.7256,187.084,2.0436
339,0685edd2-ce1c-4e0e-8dda-393139af4223,TCGA-AO-A03U,15.0618,61.0963,2.0388,0.4723
340,cd781589-3820-45a2-906b-8d60cd02f3ef,TCGA-D8-A1JT,13.2561,61.4642,335.1599,132.4805
341,0772cdbe-8b0d-452b-8df1-bd70d1306363,TCGA-BH-A0W4,29.3987,186.1541,80.7624,229.9565
342,077506ea-8f11-405d-bb8e-3c9924fe54d0,TCGA-AR-A5QN,6.0585,180.0919,318.7263,2.7632
343,cdab777e-62de-4d51-92af-b6eb089c111f,TCGA-D8-A1X7,28.237,37.5096,361.7134,191.3269
344,cdd8c046-fd97-482a-a11f-2217b321c4d1,TCGA-E2-A570,10.2689,131.644,87.5859,60.8743
345,ce887e90-0660-4f44-a3a4-b3b894cb7eda,TCGA-C8-A275,103.073,3041.0101,1.5808,0.2941
346,08da7c4c-3067-4bcf-9d7a-78566df72e69,TCGA-B6-A0RE,37.9257,54.4349,3.2716,0.2791
347,ced2c048-b047-43ff-b0e7-cd7ad480850c,TCGA-D8-A1Y0,63.7809,92.3325,238.2855,76.9608
348,cf0a3f38-5850-44e1-8574-808bd37d84a3,TCGA-E9-A22D,34.6877,568.9468,68.6879,7.2333
349,cf9db1af-17f0-490e-8139-142bd704763a,TCGA-A8-A07O,73.5483,54.0817,6.1946,0.572
350,09d6e904-7184-4788-8a19-04f8c46cb13f,TCGA-BH-AB28,,,,
351,0a2a3529-f645-4967-9a58-89ee20b8bb62,TCGA-E2-A15E,,,,
352,2a84997d-ccee-4f46-bea2-752534f26416,TCGA-E2-A1LL,89.143,45.8373,5.854,1.9698
353,dfe6db17-cf45-488e-bd3c-b8433d7343ca,TCGA-AR-A0TU,69.4093,28.3786,4.7964,0.0558
354,e0375a8b-a135-4103-a59d-39063fcf4a6f,TCGA-BH-A0HI,10.0747,138.3665,319.4791,42.8019
355,2c6adb12-380d-4710-a7e6-93d5a0e53289,TCGA-A2-A0YD,19.1734,133.0108,233.3351,109.3633
356,2c86c3ea-d926-4d39-a5ae-39ece4774287,TCGA-B6-A0IJ,,,,
357,e1119732-3e97-4259-bc69-dc4269d9496d,TCGA-BH-A0C7,135.9396,239.3944,441.1968,2.9608
358,2cb8c866-9296-4c70-a3ea-f9a9b707895c,TCGA-A8-A0A4,40.6421,186.107,141.4325,39.7602
359,2cbeadff-a8a3-4787-9d4e-f6b74c3ab5d9,TCGA-AO-A12E,33.4205,130.556,71.8388,33.1657
360,8e159b50-8136-42d4-b9c7-d579a74e4931,TCGA-E2-A10F,23.8502,127.185,115.0741,373.0935
361,2cf68894-168b-458b-af4f-53cad72989a8,TCGA-A7-A13F,58.1151,208.4083,95.2941,56.9367
362,8f912a40-3251-4e1f-ae65-1f93d71f9881,TCGA-EW-A1OZ,23.5962,2058.3827,41.6131,0.7383
363,2d29a4ac-98e7-4663-9dd6-5681bc32ac2e,TCGA-A2-A3KC,,,,
364,9087585f-e792-4f33-baaa-56ffe0f745be,TCGA-PL-A8LZ,40.18,28.5988,0.7374,0.5447
365,de646f6a-6d50-4be2-b3cd-f17554b234df,TCGA-AR-A24L,43.4037,148.1919,152.5513,45.7297
366,91a2f2af-e4b1-4a0b-ab20-6a36ce63c533,TCGA-E2-A1LS,2.9176,7.6367,0.2795,0.2359
367,deba32e4-0e68-4711-941b-3b63bd965afb,TCGA-A2-A3XY,146.9146,78.4967,0.9587,1.1473
368,92529232-8504-4541-b7e2-4df8f497c413,TCGA-D8-A1XM,45.9103,278.5499,128.3659,137.0258
369,1ff85ada-3cdd-4afb-b311-2c7befb52702,TCGA-EW-A1P3,19.7722,185.8178,140.0067,38.2926
370,929acc67-b8bf-4f65-9110-380e44ab66b7,TCGA-S3-AA14,22.6593,1170.1785,21.8287,31.8065
371,20e8106b-1290-4735-abe4-7621e08e3dc8,TCGA-BH-A0E0,58.9339,49.8259,3.6998,0.2433
372,9416ff9b-6f29-4554-b04d-b537a3ae3969,TCGA-B6-A0RS,27.6446,245.6894,0.3165,0.4254
373,2199b7a1-bd47-4bb5-b36a-a3e291e3e259,TCGA-B6-A0RN,3.2596,141.3646,139.1058,91.6508
374,9495f029-9882-4c9b-a557-b3aec9e91698,TCGA-AR-A1AP,33.2654,168.2594,153.2171,4.7153
375,22eaba28-be67-4730-9846-860bc1fca29a,TCGA-A8-A0AB,,,,
376,94b95984-b2fb-4e42-8887-45e7086c3179,TCGA-E9-A1RB,5.7019,33.7625,22.5074,17.7586
377,2399caeb-ead2-4003-af38-809db4ac2e2b,TCGA-A8-A06Z,29.9927,171.557,207.3474,25.0194
378,95873e61-afdb-496c-9f77-3f9beb008cda,TCGA-E9-A3X8,6.2927,50.0184,29.319,29.0709
379,23c31c2e-336c-4878-a476-cf8d811b4875,TCGA-S3-AA10,134.6065,62.3753,0.9139,0.1926
380,95c53f69-0f05-4348-822a-571f3d757001,TCGA-A2-A0T0,26.3483,54.4828,1.1251,0.2308
381,95cef916-5545-455b-920c-773a54fc7676,TCGA-AC-A3QQ,34.091,264.2144,84.7995,12.5331
382,a2db9dd1-44d5-48b5-817c-a21a85fadb21,TCGA-A1-A0SJ,36.1635,157.4375,63.034,45.86
383,a2efe7e1-aca3-440f-825f-ed621edca69f,TCGA-A7-A4SA,22.3759,172.608,77.9536,1.9417
384,9646160a-f1f9-437b-8c7d-efb0b57bfb97,TCGA-AN-A0AJ,47.4857,107.6344,179.9347,103.3248
385,a45833e1-7cc9-4273-b408-620f74679a12,TCGA-OL-A66O,,,,
386,96e1fc6d-693f-4f4f-b5f7-8d6e1c6c43f8,TCGA-OL-A66J,4.5727,239.4622,139.686,0.9309
387,a4c59287-1ad5-46a5-8040-e591e6ce064f,TCGA-E9-A244,25.4914,83.4113,0.9335,0.3032
388,97677fd7-8523-48c5-a8ce-614fd4010551,TCGA-AC-A5XU,19.7471,91.2815,197.615,46.4463
389,97862b8e-9f76-4b19-a865-156a9c00fb1e,TCGA-EW-A6SC,30.4844,109.1058,225.6922,16.9039
390,97943d87-fed7-4f14-a0a7-c5bfee64c392,TCGA-D8-A1XK,168.1095,50.9384,0.3247,0.0493
391,332423a7-8866-4ee3-b08f-3c8d7c16af80,TCGA-A2-A0CU,19.6559,209.1419,364.9652,3.6088
392,33919e92-4ea9-47e5-a6f4-36e51845d50f,TCGA-A8-A09N,69.5071,101.1791,298.4845,17.707
393,1f601832-eee3-48fb-acf5-80c4a454f26e,TCGA-BH-A0EA,2.8782,208.0126,176.7475,8.3769
394,34a74805-300c-4773-ab59-2085fcc2e6cc,TCGA-D8-A1X9,32.1902,243.6528,325.0032,12.3076
395,34ab0cb8-bf19-4cbb-b4eb-3c45ee5aa60b,TCGA-B6-A0IG,34.8774,1636.6495,85.2139,4.9578
396,35bd694d-1dd2-466f-ab27-03320614b40e,TCGA-OL-A66I,28.9864,66.9917,1.3101,0.7487
397,4fba3deb-db94-44b5-a0f2-a575d270779e,TCGA-E2-A14R,,,,
398,50619f8c-10aa-464a-a227-90a7aa6ffd43,TCGA-BH-A18K,1.2237,164.8069,31.0684,22.2666
399,515b1400-e896-4f2a-81bd-70895441a0bd,TCGA-A8-A06Y,8.6604,153.1754,483.3806,1.4962
400,36220587-1c1c-4f92-b177-3b2155e7e273,TCGA-AR-A1AU,35.5109,130.7353,86.9116,117.5711
401,36449392-de76-4ee9-bc09-627a07e18727,TCGA-A8-A09D,31.7339,75.6901,41.4417,1.2532
402,521e2140-ae5b-456f-8699-97398d009687,TCGA-EW-A1P4,,,,
403,36fe6152-f61e-4948-9ccc-23ac01a9d77d,TCGA-AO-A0JE,26.6766,697.6468,2.2024,0.4829
404,376ffe63-efd7-42af-90e1-261255b28bb7,TCGA-AR-A2LH,,,,
405,378778d2-b331-4867-a93b-c64028c8b4c7,TCGA-A2-A0CT,17.7917,257.8515,193.4235,0.4626
406,3886b4fb-ba22-4a50-b11a-a6893951f170,TCGA-D8-A1XQ,43.4096,58.4996,0.5566,0.2649
407,38a4e9bd-93e9-432d-a756-3b1055b823bd,TCGA-LD-A74U,14.4547,97.0001,143.6643,6.5243
408,13b860c3-8048-4dc9-9eb0-7480bc660837,TCGA-AN-A0FX,,,,
409,38a8b734-9acc-42f9-b5b7-e51b0dfc6504,TCGA-A8-A092,86.3383,234.2686,66.045,64.2866
410,14d1d84e-99e1-41ad-8892-3b4da3d4f948,TCGA-BH-A1FL,27.9239,205.7787,429.3386,95.1065
411,3927f736-3b5c-48c8-9d9e-83669ec44770,TCGA-A8-A09G,47.5047,829.054,7.1208,0.2182
412,398fb71b-ca83-44e7-bf0d-b1ca464b0283,TCGA-OL-A6VO,48.1703,89.0299,3.0481,0.0486
413,39cde586-df95-435f-b9a6-73b0c0ee5e92,TCGA-AO-A0J3,25.8471,51.3952,255.8473,13.6353
414,15ff4b02-bb69-4d24-8a07-b82f428e428d,TCGA-A7-A3IZ,,,,
415,5fc7ff35-d3f7-4687-8759-3542bd58e988,TCGA-EW-A1OX,22.769,114.4457,216.4496,10.839
416,16368c32-2118-4fcf-8693-6c89995e49d8,TCGA-A1-A0SI,,,,
417,5fe3c51f-65e2-4da6-8924-a6fae17c022d,TCGA-E9-A1RD,2.1027,27.0988,30.2895,9.1939
418,5ff12cbe-a3e0-4ce6-8452-12b984a1baaf,TCGA-EW-A1IY,24.4783,38.2694,94.3003,50.877
419,1783cac1-253a-40af-a9ac-48dfb20e1ab8,TCGA-BH-A1FH,,,,
420,6020d1b4-ee20-4cc9-82a3-340b5e3122f1,TCGA-D8-A27L,15.0262,144.6449,148.8218,168.1464
421,17baef7c-d97d-4b98-ab53-503ef856523d,TCGA-A7-A0D9,1.1351,13.4897,6.9524,2.1014
422,57a1604c-60b7-4b30-a75e-f70939532c5c,TCGA-BH-A0B2,14.2243,191.194,97.5542,13.9872
423,2779fa01-ac93-4e80-a997-3385f72172c3,TCGA-A8-A08S,54.1317,768.7848,277.9185,14.7635
424,80f3f48a-cc21-415c-b181-c77e7ba1c563,TCGA-A8-A09C,24.8793,80.3384,286.6241,110.8838
425,e663954c-05a8-479a-a623-400c1eb5efc6,TCGA-BH-A1F5,6.3469,49.8884,354.3903,106.8462
426,14b95463-2108-4921-afc2-e29eef52b18f,TCGA-A2-A0YT,60.4444,117.7907,231.6243,0.7896
427,fa4e082a-d213-412e-8d91-842a6f4bef12,TCGA-BH-A0B6,7.679,55.2429,100.0027,0.5717
428,02f5ae33-a563-4ecb-9e33-dfa500a44931,TCGA-A8-A093,,,,
429,3dbe99d1-e3b8-4ee2-b6a8-2e2e12c6fbe9,TCGA-A8-A084,36.0165,106.2171,208.8829,0.3969
430,dfefb76a-ec6b-4cd2-9d45-2e1e4befc7ea,TCGA-A8-A09E,21.118,257.4313,301.5035,66.7676
431,cb9f5e50-f49d-4899-8895-9367afcc1015,TCGA-A7-A0DC,14.4084,63.381,595.6213,12.641
432,0a017f15-1c6b-45e7-8d55-e0a71df1b2e8,TCGA-A8-A08F,71.615,126.5431,277.7369,4.8685
433,5c9d8163-a68e-43ce-9cba-effb7405761e,TCGA-LL-A6FP,1.1588,160.2888,141.6098,0.0266
434,2c04a2f5-321e-4dea-8e00-268325da65cb,TCGA-A8-A06T,20.6314,232.6099,483.8294,141.3768
435,d093173f-08ab-4138-bf3c-399c45a6e163,TCGA-AR-A2LR,41.2483,88.64,1.0508,0.7984
436,6bc4c56d-aac5-49a2-9913-9538d06d898f,TCGA-A8-A06U,21.5347,180.112,236.6613,10.782
437,d0b78f3f-a198-437a-ab8c-204345d3b75d,TCGA-AQ-A0Y5,10.956,2458.4089,18.2036,1.4618
438,09765b0a-94f6-47d2-af56-93368084ac3a,TCGA-A7-A0CD,21.8104,315.2359,357.7201,163.1106
439,16fc3677-0393-4ed1-ad3f-c8355f056369,TCGA-5L-AAT1,2.6753,219.1502,56.6592,0.4601
440,33fe5833-d7a0-43d7-a03d-56985ea448a6,TCGA-GI-A2C8,2.9833,8.9688,85.205,0.5954
441,1557183c-aedd-4df6-b98a-3654667f7b69,TCGA-A8-A09I,73.2754,3349.6389,89.409,0.2506
442,e17c565c-9857-4df3-a352-903b53093c85,TCGA-AO-A0JI,34.4827,196.66,310.8175,1.786
443,03da7a65-fa2f-42cb-a709-5fe8736f21d3,TCGA-D8-A146,15.7049,90.827,379.7265,78.1499
444,e6f527a2-38eb-457e-bb39-3c5b9c0bcbec,TCGA-EW-A2FW,49.3168,162.8642,314.5176,7.5903
445,853456d8-2367-404e-abc9-020fe8bbd209,TCGA-A8-A07E,78.8717,76.2228,231.7779,4.0443
446,f39edd06-1016-4e8e-a42e-12f7e699ddc5,TCGA-A8-A091,24.6648,159.3091,284.6828,0.5336
447,6f959c92-b79f-4f84-9ee5-d07d3212d52d,TCGA-A8-A09K,23.0307,136.4158,547.3761,4.0569
448,c1442467-d618-435f-8792-b1a18f696f1a,TCGA-AO-A0J5,30.9549,129.0022,136.7167,0.7446
449,b3354b72-2637-4edc-9a95-e55801d3ac13,TCGA-C8-A1HO,34.3651,33.3886,164.1152,3.4967
450,444374f8-9282-439c-af00-0f828edcbff3,TCGA-C8-A1HI,6.9849,171.6193,87.3801,10.2072
451,70fc011c-0f22-4026-9d72-87351126203a,TCGA-AR-A2LL,13.1343,315.4452,552.5255,136.1821
452,3afa1e93-1df8-4e4c-aaa4-557463f4bb77,TCGA-A7-A0DA,32.4539,83.2342,0.5582,0.4497
453,b379bfb8-284e-4300-8325-85cfd6809cb8,TCGA-BH-A0BD,69.9822,87.5249,74.3126,322.634
454,1502c7d7-1535-4e56-9f34-30623acd50d5,TCGA-B6-A1KC,16.9208,58.2422,120.8171,0.2804
455,566792ae-f853-4a47-856d-f02cdcfcb18a,TCGA-A8-A07I,50.4423,2223.9477,216.9324,0.7107
456,389e5b18-8f89-41a9-9fa5-efd4172836e2,TCGA-PL-A8LV,26.4962,36.1842,0.7832,0.2624
457,5fd37868-4762-4109-9dcf-6fdbab5b645d,TCGA-GM-A2DO,21.5068,58.1495,34.1241,18.2915
458,dbcad60f-86c7-41e3-b0ae-baa39c9f83dd,TCGA-C8-A274,35.7065,143.7889,356.7036,1.2867
459,7875018b-91dc-4ab1-83b0-ee3883e2816e,TCGA-BH-A0C0,47.6943,173.9758,159.7803,8.646
460,67c5f371-3fa9-47c5-8b15-c2dd9acc8519,TCGA-AC-A2QH,18.368,4.121,0.2452,0.0132
461,791c5768-f0f5-4ab6-86eb-998e5c4b49e3,TCGA-E2-A1L7,5.158,130.2072,42.903,78.2627
462,e3c336f5-c32f-4c5d-81fb-e2408ae145b2,TCGA-AR-A0U0,26.1781,77.2822,0.7533,0.3231
463,8cf8b620-7ab6-4b6e-84bc-ff5a83f381fa,TCGA-A8-A07G,11.2467,220.5442,351.8795,16.563
464,84b7ccf2-8ab3-4b21-96de-800d231bc072,TCGA-BH-A28O,2.8647,136.0357,21.1437,6.5221
465,75113445-d2d6-44a0-866c-c9175e6d214b,TCGA-A2-A0D4,24.162,163.0766,120.9346,2.7944
466,d5f2b85a-94a9-4168-bbe8-149ec71342b0,TCGA-AC-A62V,16.881,89.407,94.0823,0.4182
467,332148f5-f070-4c20-8eb1-4d8c0673aa52,TCGA-D8-A1XU,8.1212,65.988,312.1886,13.9796
468,0491063c-14a7-4104-8002-1459126332f3,TCGA-B6-A0IK,26.6399,136.4098,20.7641,4.7794
469,636b0a90-c8c2-4ad6-a77d-6cd428a826d1,TCGA-E9-A247,12.1894,135.7726,514.0477,113.6682
470,39de7761-e762-4811-b95c-8216b79ae06b,TCGA-AN-A0XW,29.6833,80.6291,52.9543,20.833
471,b7a4df9a-4e25-4550-9c10-338ca1921c2f,TCGA-E9-A1R4,37.6996,100.4067,146.2336,46.4335
472,d2219a3f-4c55-4dee-9b08-c6f330dd1acf,TCGA-AO-A1KQ,22.5191,79.3437,177.2552,38.4492
473,b9c6c069-2a2b-4cc7-a398-dc45c132d979,TCGA-AC-A8OP,17.5613,203.8501,273.1677,1.117
474,1c40b84e-a0e3-429f-a48c-21566cf881c0,TCGA-D8-A143,118.4007,63.6103,0.2444,0.1644
475,9ddc3e7b-8b54-4a83-8335-8053940f56c1,TCGA-BH-A18L,2.0432,81.4352,99.4484,40.2865
476,42378dbc-a123-4cf9-8502-165e89fda271,TCGA-EW-A6SD,28.1235,1793.872,0.455,0.1732
477,b4e4fea2-b802-4a86-923e-3fcbd3c708fe,TCGA-BH-A0B1,12.887,102.7744,266.7633,136.4597
478,a947a945-4721-45cc-bc45-13b8ea41c10e,TCGA-A7-A4SB,12.2751,207.4015,71.1314,6.1052
479,28e9048a-e540-42de-a1f4-4ef894fccc4c,TCGA-AR-A24Q,58.4579,69.6232,3.4556,1.2887
480,87b85935-a058-44ad-8fb6-8511130eaffe,TCGA-D8-A1XV,7.6518,23.5549,383.0499,75.5713
481,3558dec7-eae3-4a41-a217-266c6a4535fb,TCGA-E2-A1LI,36.6564,76.9716,1.2361,0.1021
482,70f34c5c-3671-44c8-9469-99f9786efec1,TCGA-D8-A1XR,39.5123,107.9663,176.041,132.4058
483,ad01259b-d858-40bc-a6ba-0bb06e996afb,TCGA-A2-A0SV,21.8286,110.2184,28.9601,9.121
484,8631969d-4ac6-4fe1-9db3-d47db604494a,TCGA-E9-A1R2,13.5588,254.8458,156.6894,0.5402
485,281f70c5-876f-44b3-84fb-f2302f85e74c,TCGA-A8-A06Q,23.6557,89.5018,104.0002,41.3633
486,5cbf0aea-ebb4-4005-bdd5-14ef2dc6826c,TCGA-A2-A0YM,156.468,88.0419,0.7866,0.1965
487,9435447e-d65f-408b-863b-6576b1d652dd,TCGA-AO-A03N,,,,
488,8360cec6-daf6-41c9-9a4f-7fc03c958dcc,TCGA-OL-A5RY,15.0569,1875.9017,2.9288,1.1747
489,3f56d67f-5a9c-4353-9408-e7f60eb6477b,TCGA-LL-A442,16.9683,191.5282,516.1768,103.2275
490,0b23b5fe-6c7e-4297-bc55-f93fcb830ac4,TCGA-D8-A27R,29.8851,144.5544,81.317,6.4946
491,56033839-35d5-4d72-8b8c-400cb345263d,TCGA-E9-A22G,119.1155,47.1888,1.45,0.0684
492,0d146997-cfdc-4587-888c-e876fc455c80,TCGA-A2-A4RW,11.8818,209.7745,77.2174,45.3312
493,7317e605-93ba-49a9-8743-20613b02767a,TCGA-E2-A1LE,21.9627,2575.7936,1.042,0.3315
494,6e7d5ec6-a469-467c-b748-237353c23416,TCGA-3C-AAAU,39.646,138.6207,52.6338,30.7665
495,34126cd5-cc38-4198-8582-c14fb5db7acb,TCGA-OL-A6VQ,11.105,187.5554,81.922,76.295
496,7588a286-6935-424a-bc5f-92e24c83eb37,TCGA-B6-A0WV,85.3007,89.8994,571.13,28.0985
497,0bf6e772-1aa1-4f54-9a50-c1414e2f22f3,TCGA-AR-A2LM,8.2899,249.9225,115.1677,202.3561
498,f7ab565c-83b5-4988-b9be-8a46f65dca8c,TCGA-D8-A1JJ,69.9477,52.0468,217.9083,3.0147
499,670f5022-5066-48f1-8472-5670129a1e0f,TCGA-A2-A0EP,12.9122,35.5273,29.5698,0.6542
500,bc0bc70f-c6cf-4dbc-9dc3-8b7bc5f381a4,TCGA-E2-A1IG,20.4384,161.3531,120.8475,7.6977
501,d2694b09-7844-4496-865c-5d3d8cd03330,TCGA-D8-A1XB,24.2786,136.3234,269.8172,270.2347
502,6af6d256-a753-46d2-b611-e4094ff265aa,TCGA-LL-A9Q3,5.2877,173.6657,133.4875,0.2687
503,3c8b5af9-c34d-43c2-b8c9-39ea11e44fa6,TCGA-BH-A1FD,0.6203,51.5291,48.7232,13.2477
504,01f50abf-fc15-446e-9d07-edeecc545a32,TCGA-E2-A155,63.0875,283.1938,371.0876,1.266
505,a20fa2c4-a502-47e3-bfaa-2ec4cce3a859,TCGA-A8-A07S,38.868,146.3923,333.9531,10.5487
506,f1692f4b-ce1b-4fc5-ac55-1022ecae0d1e,TCGA-C8-A134,74.3526,55.2965,1.1009,0.4384
507,e666081b-caaf-4e8b-9446-807be71201a5,TCGA-BH-A0HA,4.4501,96.7096,26.6536,26.4982
508,8e54232d-d8bb-4612-8b0e-4feb076a60f9,TCGA-A2-A0CO,4.5982,182.8283,82.7318,10.5646
509,9e894662-b718-40f8-8899-b5e036cfbd76,TCGA-AN-A0AK,68.0063,216.1818,202.2959,0.3355
510,4e6edfe6-adcb-4c12-8ff4-38a79f5887e8,TCGA-B6-A0X5,,,,
511,2b22db1d-54a1-4b9e-a86e-a174cf51d95c,TCGA-BH-A0BS,2.1114,131.9059,79.9477,8.5227
512,e3fcbf94-d3ef-4a37-aa45-5297f96af9eb,TCGA-AR-A2LE,12.0584,120.3827,218.3878,41.6586
513,972447aa-4332-47e7-bddd-2eb699dbb664,TCGA-AR-A0TS,95.4202,174.9028,1.2237,0.6065
514,9e3de467-fb0d-4021-89f8-b34968a7c7bc,TCGA-AR-A24T,8.5199,139.6724,136.2479,235.3822
515,06ef6e83-5583-45b9-a0bd-edea68943083,TCGA-E2-A572,2.5814,107.038,33.1106,1.6969
516,76099beb-0abe-4b56-8b4e-e4485e0402e6,TCGA-PE-A5DC,32.5529,121.2301,74.0648,15.0114
517,5f90d955-bbb0-4b44-a5ac-ba6fda9ca0fb,TCGA-A8-A06P,9.0744,114.543,85.5743,133.2085
518,32861b48-83f5-43a3-bb54-45215ad2c5d6,TCGA-BH-A28Q,9.0009,222.8023,146.4105,105.3065
519,4d0fec97-e024-4608-a0cc-426a3decc7b1,TCGA-AR-A252,21.2539,23.3646,92.9589,32.6709
520,27ba717a-5cd8-440a-9345-4ae086f6efca,TCGA-BH-A0DI,13.8634,158.7785,50.8195,8.2464
521,33b7bf50-53f4-4839-aa83-9665f85671d8,TCGA-E2-A15R,,,,
522,af577366-0258-49e7-b6af-e70056c081a4,TCGA-E9-A1NA,30.58,80.587,152.1644,0.9162
523,752f4773-5a12-4485-a1f6-896e148ddf4d,TCGA-D8-A1JP,11.6739,85.657,403.5392,2.5272
524,3fc3755d-a3f8-4e2c-813f-ff124f2a75c1,TCGA-A2-A259,10.6654,73.9104,319.5788,104.6702
525,0adf59c6-581a-475d-a2f4-40aa40060b5b,TCGA-A8-A09T,20.4283,132.4926,185.2062,249.2908
526,71fc8941-4cfb-47ea-a533-873d38f8c95c,TCGA-E2-A1IO,19.1998,193.2195,90.2917,35.1936
527,0dc337fa-da8b-42c4-b9a7-fb76d81c161f,TCGA-A1-A0SN,50.7312,3043.3022,199.562,19.7109
528,0dd8dbc1-c48b-4e7c-b401-57101f724967,TCGA-S3-AA11,16.913,157.4286,317.7397,28.832
529,da9c10ea-c13f-4d88-8b94-a0cbc106d036,TCGA-BH-A0W5,15.0529,89.8606,183.3963,90.2799
530,19015644-9c17-4ae7-a656-0fe8623c04ae,TCGA-AQ-A7U7,10.6752,73.1795,49.5944,90.556
531,c6086936-7544-4da0-8c0c-114166848483,TCGA-AN-A0FD,21.78,60.8908,265.8108,3.6496
532,2b19a6b4-7a17-4452-b4aa-6fc18adc0c3c,TCGA-D8-A1XL,24.4688,251.5384,22.3083,13.8571
533,1dafdd64-527d-4d46-bbdf-7a97774f881b,TCGA-B6-A1KI,4.1271,173.6042,323.4121,15.1238
534,1402082d-25c9-4148-8a1e-f58450b706bb,TCGA-B6-A0IP,15.3055,183.0255,336.0829,36.6323
535,0045349c-69d9-4306-a403-c9c1fa836644,TCGA-A1-A0SB,24.5183,134.9152,13.4726,0.1303
536,39cda4c9-e1c8-44c2-bab7-f5849c12f879,TCGA-AC-A2FG,5.4668,174.0245,358.0483,6.3856
537,4cf0f639-7940-48b6-8ea1-2a3494097cdb,TCGA-A2-A0CR,6.8853,52.0948,22.1052,18.0971
538,aa30ac3d-4216-45dd-a314-1ae192fafcb2,TCGA-AR-A24M,24.705,151.4427,245.3968,116.694
539,1111fb30-46ce-4722-98da-ec9ba2323d90,TCGA-AO-A03O,70.8896,124.1483,256.1449,27.3945
540,22b35927-1c3f-4f98-ba42-deafc56b677a,TCGA-BH-A0EI,24.7202,136.4703,109.9471,3.7582
541,5a4b7098-1f6a-49e9-b364-29d6d34f5bd5,TCGA-B6-A0IM,53.4416,200.541,379.278,3.7845
542,d8d7a6c2-6427-4f47-968c-6c3affba4617,TCGA-A8-A08B,46.9973,1679.3337,57.6665,2.6619
543,427d0648-3f77-4ffc-b52c-89855426d647,TCGA-3C-AALJ,11.604,162.6673,88.2145,5.3124
544,b094e8b2-8ece-4b36-8025-18073a8b873c,TCGA-AO-A124,77.6772,146.2176,0.163,0.0616
545,c2aeee6c-ba10-4cf9-b560-c739580f7bf3,TCGA-BH-A0BM,1.3695,75.7513,60.2753,2.6132
546,3ca67cd0-81da-4f68-a9fa-f1a8c013c28d,TCGA-AC-A2FF,18.2196,119.7307,19.0296,26.0773
547,7e9c8d3c-790c-46ad-8f31-b557b7c26f69,TCGA-E9-A6HE,15.0185,168.7171,93.2506,30.6461
548,0cf0d67c-2f7f-42a6-94f3-407d0ec46c88,TCGA-AC-A4ZE,20.21,190.8106,305.8886,51.3739
549,66af34ea-f471-4092-aff6-9ac9a5b75b11,TCGA-BH-A0B0,12.8327,63.9477,77.5133,2.5409
550,0a229f95-0ea1-4d63-953e-74f5ec2f3028,TCGA-AO-A0JD,43.562,84.7759,158.6062,23.8721
551,7f2a63e6-64d5-4be1-9814-e8416fc9e688,TCGA-D8-A1JG,57.0617,307.2743,1.1165,7.0973
552,2ab1b35b-9e56-475c-ac9b-15ed0a422683,TCGA-OL-A66K,6.4818,259.9732,152.6967,271.2318
553,d6f7afc0-1558-43ad-acb1-2b5311ed2264,TCGA-GM-A2DF,26.8523,21.3889,0.28,0.0587
554,4aacbc42-5ac5-4339-b9fa-c6e812084837,TCGA-E9-A22A,39.8148,32.0277,33.6485,1.3289
555,eadf8482-e60e-4307-adb7-d5c3b9fa6cae,TCGA-A2-A25B,52.3636,55.6985,50.2452,4.6847
556,8da3d6cf-381b-4d1b-93fa-41fd9d2b2e66,TCGA-AR-A0TW,11.3585,124.587,50.0646,6.8031
557,016caf42-4e19-4444-ab5d-6cf1e76c4afa,TCGA-AO-A128,85.3226,104.7198,9.2331,0.1601
558,151f3677-6854-4265-9126-d92c646c67ae,TCGA-B6-A0RM,21.1067,53.1643,547.5388,75.6614
559,37242f5a-25ae-4b1f-9ce6-09ce1dc92539,TCGA-E2-A15L,42.4825,157.6924,221.0425,55.6727
560,4a032bad-e726-48f2-8f39-e3acc109cc91,TCGA-BH-A0BZ,1.3558,69.749,63.1428,30.8664
561,4aa68586-6331-4795-b40c-859386640df6,TCGA-BH-A1FE,9.1784,25.1294,3.6889,21.5874
562,8240c4ae-f878-4882-aa07-7857c7ac52cf,TCGA-AN-A0FZ,,,,
563,34d5a193-85e5-4399-8a9b-e92858eafdfe,TCGA-A8-A0A2,11.9007,126.1578,323.2708,65.0854
564,57af5c72-0d60-4a6b-b1b4-ec6dab90f80f,TCGA-A7-A6VV,56.1101,96.0833,0.6659,0.5938
565,29df128d-ace2-40cf-88ee-3f6f2170f159,TCGA-A8-A095,66.4455,110.2023,272.0056,97.1061
566,5d1d00c6-fcae-479e-ae1e-de76efd41d98,TCGA-BH-A0BW,51.3126,141.6857,8.3297,0.1659
567,5d688049-f271-40ef-813a-d37240ffe21c,TCGA-A8-A07F,49.8959,135.0119,170.8526,1504.1292
568,e68ebfd4-3688-4caa-9e38-7764f9258c30,TCGA-E2-A15T,53.5687,214.4985,552.2352,3.1737
569,a6a863d9-b39d-4965-b47f-79a1bcf3c976,TCGA-A1-A0SH,13.1058,305.0583,17.5453,55.1292
570,0807435a-e75e-4e04-8e45-ed0cd49a841a,TCGA-B6-A0IA,10.5001,53.8727,82.3004,77.8195
571,53886143-c1c6-40e9-88e6-e4e5e0271fc8,TCGA-A2-A3XX,27.6313,110.0853,0.5429,0.3945
572,858652b8-c4c2-41d8-be32-fdc88e1a7bb0,TCGA-BH-A1EN,1.7564,108.9425,26.6201,5.2102
573,baf1207d-7d1a-4cad-ba58-62c26be2415e,TCGA-AN-A0FL,,,,
574,298a1710-deb4-4064-a0f2-da32d43aa217,TCGA-C8-A12Y,12.2594,104.8307,76.6261,31.0385
575,3144f1fb-4342-4079-bfe8-940da4bfd88e,TCGA-E2-A14V,110.8288,1363.427,47.2261,25.4908
576,d5cab7f5-e4f1-40ee-a0c8-4c8004c1c9a0,TCGA-AN-A0FF,43.8144,93.5932,100.477,16.0748
577,c02699b5-580a-4d55-971e-f4692b2cce57,TCGA-A2-A3XW,7.6923,131.061,17.0044,2.3576
578,d7195183-9fe4-4b17-bcfd-9367d2e539ce,TCGA-B6-A0WT,,,,
579,f45210d3-9e66-4f5e-bef1-5ee5547cc893,TCGA-EW-A1PC,108.1745,202.2705,87.1893,2.2736
580,c72cb184-462d-4009-9cdb-848782ff8a76,TCGA-A2-A3XT,38.8131,21.9614,13.142,0.24
581,3b7b9c1e-a84c-47ed-983c-9e4b00cbf01a,TCGA-A7-A26F,,,,
582,b6c286c6-2755-419b-87d3-59c7feda9653,TCGA-C8-A138,10.1456,133.3035,9.7722,0.3686
583,7e1673f8-5758-4963-8804-d5e39f06205b,TCGA-C8-A12V,,,,
584,96f23d8a-be0f-4925-ba00-805dc293414c,TCGA-A2-A0ET,20.1915,175.5848,317.4692,36.1702
585,bf88ddf5-a6d4-498c-bf7f-db9bfabff72d,TCGA-A2-A0EO,10.4559,183.8788,85.8002,114.4209
586,c7d7a770-23c0-4310-ab48-1f6152dc2849,TCGA-D8-A1Y2,15.2232,125.4685,123.9589,1.5722
587,ecab16bc-28d5-4c3a-8735-3c785bd047c4,TCGA-BH-A1FB,0.847,124.9363,127.4003,9.0694
588,a412b374-4d25-491f-b76f-ddaa989acf59,TCGA-E9-A5UP,4.326,491.7043,226.8985,0.6336
589,632984bd-dc81-42b6-b024-476cfd0bb2ae,TCGA-D8-A1Y3,29.854,87.1136,50.6859,9.1808
590,a8b1f6e7-2bcf-460d-b1c6-1792a9801119,TCGA-E9-A1NF,14.2955,62.7682,199.5736,3.0406
591,86a18ae0-dfb1-49c3-b5c4-67ec331d6e40,TCGA-C8-A1HN,47.514,188.9283,496.9995,7.206
592,6f6e7356-3521-4674-8eec-ad01340d4b8e,TCGA-D8-A27G,24.0292,383.0471,79.2877,1.0296
593,2e538802-2a31-4774-89a8-c6e4381a887d,TCGA-A2-A1G0,,,,
594,db55d9d9-dd56-4ca9-b1f1-0d929697b280,TCGA-BH-A5J0,,,,
595,8a0ef221-8070-43fc-9d98-def90abe4871,TCGA-E2-A1B1,32.914,498.2559,15.5338,9.9487
596,602083f0-18d9-48b6-a529-31e165c54b37,TCGA-BH-A0HL,,,,
597,e8f3cc64-5e15-4f4d-b73e-5c9b250a664c,TCGA-AR-A255,33.8523,159.1255,215.8675,132.3626
598,f55dd73d-8c36-440b-84e5-9aae53107775,TCGA-EW-A1OW,46.8709,85.1151,0.3412,0.7546
599,67c8dc41-edcb-4563-96b3-3f93f9edcbe9,TCGA-GM-A5PV,2.7124,173.5482,279.4853,27.4288
600,f63722c1-a0bb-4bf9-8a10-1d76a8e1a0ba,TCGA-BH-A18M,6.1068,98.5447,44.3706,68.6831
601,a482fc4c-ff1d-46a0-a968-7df06422cc4b,TCGA-B6-A0WX,11.8019,62.1497,0.5849,1.1491
602,f6e1ec78-5ad9-4879-9b7e-262d17b166ad,TCGA-BH-A18R,109.7565,801.1391,18.4089,0.9148
603,f6ed684f-ee7a-496c-80d5-6eacd494d16a,TCGA-AO-A12B,11.8952,58.4345,569.9044,166.9544
604,4b54e06e-a280-4981-a4e1-9aea154341b4,TCGA-UL-AAZ6,15.5006,1869.9344,79.2196,3.7066
605,f7064d01-29d8-49a2-ad60-1e0c5f148f3e,TCGA-GM-A5PX,0.9609,152.0662,59.666,18.4184
606,e37ae674-a107-4eb3-94d8-b86b0035a9f7,TCGA-AC-A3HN,20.5139,188.7254,192.0681,7.1984
607,e98b69bc-766a-485f-b5e8-9166b8d457b3,TCGA-A8-A099,17.1422,227.9155,595.2444,83.1129
608,4bf50455-9ab7-4521-a791-089f66d3b877,TCGA-B6-A0RT,72.6796,50.2293,1.9933,2.2895
609,e9f4f373-37a5-48ad-a1a0-b0d47820111a,TCGA-AO-A0J6,49.1361,63.7574,2.3132,0.0164
610,ee554215-bea2-4268-aaf9-784e68cdb969,TCGA-BH-A1F8,20.48,100.9967,492.8404,1.6258
611,ea8dbc7a-54c6-469c-865e-f49d00b0223d,TCGA-D8-A73W,14.7421,105.0171,144.6953,0.3017
612,68177e92-4784-45d9-af14-4ce0c00eae74,TCGA-A8-A08J,25.1647,1912.2039,37.0823,7.0828
613,eafa45a4-2fd1-4fa3-860c-9d52ed382b7d,TCGA-E2-A15O,33.0692,98.5305,281.8953,49.8555
614,8159ff7b-89f4-411a-9b9c-491f1cb3eb34,TCGA-AC-A2BM,29.2258,62.4806,81.8762,54.8798
615,eb93df3d-9e25-4e4c-9a5d-350f296e5acf,TCGA-D8-A1X5,10.2955,792.6963,399.5163,4.2037
616,02bf5203-f9cd-4c5a-97b4-e5584dc22325,TCGA-AO-A0J8,17.7557,191.689,236.6468,51.2404
617,ebd1512a-4865-4193-97b3-f599d555759a,TCGA-AR-A1AM,4.5664,279.3818,59.9602,12.0686
618,ab34a9a2-d72d-4106-94fb-118844b1b60b,TCGA-A2-A0CQ,12.1024,85.8496,157.4015,34.9865
619,ec0ab947-9341-4fff-bda4-fdfb9434d508,TCGA-A7-A4SC,8.5216,407.2922,253.1915,1.5107
620,9f80649b-a249-4fb5-97ad-059a30e13fea,TCGA-BH-A0W7,22.8172,68.9896,25.2027,7.0023
621,ec6930e5-2d83-435a-9a57-a2c5c22caf02,TCGA-BH-A0EB,11.3781,113.0757,418.1503,22.5914
622,ec77a23d-84f5-47e4-bf2a-fa1c03baf3db,TCGA-E2-A15F,33.407,135.3947,471.4258,159.7434
623,f43d622f-eed5-4933-adc6-ae9ad1e33028,TCGA-E2-A1IN,6.0191,95.1826,251.9232,98.3351
624,eda6d2d5-4199-4f76-a45b-1d0401b4e54c,TCGA-AR-A1AR,74.9411,29.8932,11.9769,0.2854
625,3f834fa7-6d7b-4b85-98c0-5c55d55b6c95,TCGA-B6-A0IE,4.524,43.2538,31.2924,69.7933
626,ef1b3332-cd7f-41bb-a2d3-2538e7becc5c,TCGA-LL-A5YN,11.2714,180.2756,33.4498,3.9888
627,eff2360e-399a-4167-ab2b-798e27bef739,TCGA-E2-A107,36.7484,221.2689,164.8423,1.1339
628,7eea2b6e-771f-44c0-9350-38f45c8dbe87,TCGA-A7-A6VX,32.0567,130.6508,219.4548,0.7943
629,54883111-d475-4515-ba3f-fece8a71e79e,TCGA-A2-A1FW,82.1248,60.8349,507.6849,1.2085
630,96457ebf-ae88-41f4-97e5-cdc3163418aa,TCGA-BH-A0H0,30.2335,142.6436,185.9106,0.9056
631,f06f09f3-8133-4a92-ac86-fbe64295e0d8,TCGA-E9-A1ND,6.0609,41.8521,17.4765,3.7803
632,a076f135-be82-40fa-8516-285ed355c965,TCGA-AR-A2LN,3.4628,136.6153,68.1383,7.7258
633,f0d8a1fe-e313-44f1-99cc-b965cbeeff0e,TCGA-C8-A27B,136.5364,18.4885,2.8176,0.1109
634,a68a3361-48b4-4bd0-999d-b4cc3d43eb4a,TCGA-BH-A0HN,5.8503,160.4261,262.6343,12.3092
635,17c1d42c-cb84-4655-a4cd-b54bae17ecaf,TCGA-E2-A15K,24.7044,177.9385,386.3909,17.6084
636,30ec8b1f-28c4-4f46-8a1b-a8d51e558c7d,TCGA-BH-A18T,96.5596,115.1741,2.4523,0.1863
637,17d9e646-6ab3-40b3-a0bc-2c834d3c3213,TCGA-AR-A0U1,,,,
638,0f64edec-0f1f-4025-8a53-75f9534f7828,TCGA-BH-A0H9,0.1879,9.4657,5.3148,1.0885
639,189e1f27-7738-413a-a4d4-97d41d592a13,TCGA-A2-A3XV,7.7813,324.8096,0.0443,0.0827
640,18d35983-ea6a-4b70-a209-9bef37595956,TCGA-A2-A0SX,,,,
641,18eb4dfc-556f-4bf3-a411-4780209ed1e0,TCGA-BH-A0B3,,,,
642,195b6731-6ae6-416e-a345-0eb8874a0ca2,TCGA-AN-A0XO,,,,
643,9ad603dc-3fd0-44f5-ae4e-64eeb1ae8d6d,TCGA-AR-A0U2,128.3596,150.6821,114.4848,10.3665
644,197741de-a098-4f04-bb37-8ea8b3bb39bc,TCGA-B6-A0WS,26.9541,87.1243,231.4716,43.1898
645,bb8d42d3-ad65-4d88-ae1d-f9aadfc7962d,TCGA-AO-A1KS,80.7922,99.291,430.7235,256.5262
646,5ed024e8-d05e-4c65-9441-eda9930ccc82,TCGA-A7-A26G,60.9007,17.1879,1.2921,2.0639
647,9f93ea0a-1687-44e0-9e8a-eeb4097d471c,TCGA-A2-A0CZ,,,,
648,dd3bfb26-b534-4917-9c4d-9fe7b6477762,TCGA-E9-A1RI,8.7095,218.9877,57.0105,7.6661
649,2d4c778c-7f77-4f0a-8261-2086accf15fd,TCGA-AO-A03P,10.8855,101.0977,201.7226,22.9794
650,a06ff6ae-b0dd-4516-a75c-0db71694b46b,TCGA-LD-A7W5,,,,
651,b09643c2-ded5-4346-b3c5-90a48f88a02e,TCGA-E2-A1IJ,8.8585,187.855,112.2658,83.6033
652,64975923-d032-4182-8565-59fc37127d8d,TCGA-D8-A1XT,,,,
653,5b2a4f11-ca46-4974-9420-59b4820920bf,TCGA-AC-A62X,16.2062,94.6386,0.6522,0.0816
654,64f67506-f2df-4f0a-b7be-29b4949e986a,TCGA-A2-A04V,15.9983,121.6156,131.2651,1.2235
655,4d1bf9e6-5837-4aed-b568-92f014ed5a4b,TCGA-D8-A1JH,12.809,152.9591,200.1957,138.9138
656,029ce650-5e5a-4100-8596-cd94300e7ef5,TCGA-E2-A574,10.9276,48.7593,0.0923,0.0454
657,53ff5893-7d5e-4bcb-be9c-665fa34b7824,TCGA-EW-A1OY,31.7777,141.6321,346.2148,37.5985
658,ee14e049-b891-4dda-a730-8ce99bd93baf,TCGA-D8-A1XC,11.6264,52.2672,867.9675,116.1599
659,9da462b0-93c2-4305-89f6-7199a30399a7,TCGA-BH-A0B5,92.8089,174.6458,61.4236,21.2564
660,55262fcb-1b01-4480-b322-36570430c917,TCGA-3C-AALI,30.3288,3236.7792,1.046,0.334
661,359f12f9-5c41-48a4-85bc-fd7e307bf7d8,TCGA-EW-A1P8,77.3212,61.7452,3.9547,0.8406
662,f3ba71f9-25f3-4784-bf2d-3aa522a0cba8,TCGA-A8-A06R,14.2877,33.4376,174.1665,0.6199
663,a4903de8-6cf5-4541-8ec7-065beace8b44,TCGA-AO-A0J9,11.9745,19.5553,49.4229,7.1983
664,bb026999-0aab-4232-96d7-2c93b6c9691d,TCGA-A2-A3KD,26.8784,165.7029,210.4828,38.1616
665,52c35691-efca-42f5-a03e-02c9f872275c,TCGA-C8-A1HK,33.3427,2051.2974,2.256,0.3616
666,c0f88fc5-56b0-4255-bbd1-9a21ced8b37b,TCGA-EW-A1IZ,15.5013,90.3568,64.163,0.4437
667,a6502f17-6bee-4d5a-8520-06364593d39c,TCGA-EW-A424,13.4163,113.0554,64.9208,58.0898
668,8db69f1d-72e2-40ba-ad8a-cf228499840d,TCGA-C8-A8HP,,,,
669,a824b3bd-34d5-4cc1-a92f-f9d6ac0f1814,TCGA-C8-A12Q,41.218,2988.0283,4.8226,1.4493
670,c3148e68-1739-4334-abda-1dcbc2166846,TCGA-B6-A0RH,16.0391,398.0898,37.4315,14.3028
671,d34471a1-b367-4f8a-b35a-c5901c4f5503,TCGA-EW-A2FS,,,,
672,d3a75976-67d3-40fa-9f6f-cf2a3d7b773c,TCGA-BH-A0B8,0.4206,8.8607,7.9336,2.8535
673,8e11c5ec-c15a-48d4-85ac-b7b08a9ed827,TCGA-AC-A6IV,20.6408,123.4907,64.6453,16.6274
674,ad7fcc89-82a3-48aa-8461-581c1a857677,TCGA-A2-A0CV,1.027,91.8359,127.9065,39.7053
675,c3a981c7-f148-4252-bd50-af8a49ec0df8,TCGA-OL-A5D6,7.402,229.5058,1.1445,0.705
676,d4a1ecdc-399c-4f82-aa7a-68a0c82ded3f,TCGA-E9-A243,45.9653,19.3787,2.1322,0.3077
677,92b5de82-0221-4df1-8094-80f40c0bb4fa,TCGA-BH-A0BL,81.1173,68.523,2.7397,1.7165
678,c57835be-77ab-4cf5-9b23-62c11a7b2eaf,TCGA-AC-A2QI,4.3595,270.6634,150.3148,1.4141
679,128d198e-9b22-427c-90db-3714455f3a17,TCGA-A2-A0T2,13.5152,40.535,0.4292,0.1279
680,d5e655fe-3fbc-47b0-ba23-1d1dd01d591c,TCGA-AC-A8OS,9.3319,75.3807,308.8626,3.8371
681,c632675e-e8af-43cd-8744-5be3754c1c14,TCGA-A2-A0SU,17.0933,173.7536,537.8131,17.7832
682,42e47f3a-dff7-41e4-8f84-146d97e8ab72,TCGA-D8-A1X6,22.0365,100.1085,342.3535,137.4414
683,d6f911b5-e895-43f8-8f86-0ac2f1bc6fae,TCGA-BH-A0BJ,,,,
684,e8614b7d-132e-4b4e-b1ae-df8bb4f2d4d4,TCGA-EW-A1IX,9.1328,236.4581,95.6586,194.6431
685,c70ee5e1-4703-4996-bb5c-f4cca0fb53ba,TCGA-AO-A129,47.0639,40.7377,2.5251,0.6894
686,d81594d9-dd6a-45c3-8bad-61960611d78d,TCGA-A7-A4SF,21.9797,605.9479,131.0156,0.3684
687,e74aea7c-ca14-49df-b5cf-dacb839ac27a,TCGA-E9-A1NC,9.5397,40.1903,0.2843,0.2117
688,d7ce6b79-f7c0-481e-9dbd-6273f01c9786,TCGA-E2-A14Z,29.1031,69.2492,109.8454,53.3978
689,5d8ed961-a012-4b6b-bffb-9468d3953646,TCGA-EW-A1J5,41.3895,249.3917,149.416,159.9375
690,c85f080a-1075-41df-959f-1b514a11b3c4,TCGA-E2-A15D,6.1531,193.1131,93.9474,98.9333
691,c8f39325-5382-447c-9291-a6915fc978b8,TCGA-OL-A5D7,55.5673,31.9216,1.5545,0.1219
692,aa60fa8d-c374-40e0-af2d-b007701e67e3,TCGA-LL-A740,11.7681,249.2369,1.1286,0.4539
693,955d4263-61f7-42e8-8a6e-772a0d6c209d,TCGA-E9-A1N6,74.4942,278.826,144.6003,34.7004
694,caa9b533-24b4-4ecd-9159-c165de049f6a,TCGA-B6-A0RQ,2.33,162.5716,84.8686,60.5114
695,d9fd2724-7db0-4af3-ac14-217bdfa5203f,TCGA-AC-A2QJ,10.3267,21.7254,0.3187,0.004
696,da1c58a7-c6bd-47d9-95c2-8d2ac70e20e4,TCGA-AR-A0TY,67.5411,82.469,241.6359,0.4401
697,fa176764-a76f-44c7-b97a-cd6d21e052be,TCGA-E2-A1LB,16.5862,3814.2894,1.467,0.3368
698,da70cf7e-0e61-4c72-b4c5-c408569d11b8,TCGA-A7-A3J0,20.1391,44.5011,341.398,424.2633
699,23c21dea-3713-408f-ba56-f7c586e9f206,TCGA-E9-A1R5,11.1196,203.8923,210.8396,86.0083
700,0f7ab21b-1fd0-45e0-9a47-17c4691eb84f,TCGA-E2-A15S,37.3572,143.6328,173.7781,0.5836
701,db3e1ce8-4a05-4bfc-b5ae-13cf789369e1,TCGA-OL-A6VR,7.1792,138.546,77.8822,233.062
702,db4bc6aa-2e7d-4bcb-8519-a455f624d33b,TCGA-BH-A18Q,3.4232,123.051,83.5936,10.6993
703,182c4bdf-2c58-4303-b034-459da86b9d90,TCGA-E9-A54Y,11.1076,71.9325,123.6297,5.4281
704,64089c20-939f-48b4-ae8b-904ad0597145,TCGA-E2-A15I,4.2927,197.1665,233.6547,62.6957
705,dba9beec-5e51-48c0-9229-0ee286a02a1a,TCGA-BH-A0DD,2.0433,20.9341,7.7854,3.4331
706,c0b7b798-3383-4a45-a455-9eca5810739e,TCGA-EW-A3E8,8.9996,226.867,60.6932,15.463
707,dbf6f981-15cc-40ad-91ac-a66360405fbd,TCGA-A7-A4SE,40.9724,70.5572,1.7385,0.8732
708,51ccbf1b-7cae-44ba-991a-11eda8b8c404,TCGA-BH-A1ES,4.9176,179.2439,26.6966,14.3968
709,dc15a8ae-991e-421c-bc70-70e94f79dd17,TCGA-E2-A10E,25.7585,172.1854,510.8737,7.073
710,dc657ca8-98e8-4ec4-a513-1b848be0e85d,TCGA-BH-A0HU,,,,
711,6f0fd68f-ed6a-4c9e-be02-c97ba4950f76,TCGA-GM-A3XG,1.8712,181.6596,25.3967,69.8577
712,dcd5e079-813a-4c1a-b320-0931468d2bbc,TCGA-D8-A1JF,12.8931,100.1798,3.9615,0.3576
713,23f438bd-1dbb-4d46-972f-1e8e74ddbd37,TCGA-Z7-A8R5,2.5968,99.9225,33.9455,4.279
714,dd43ffd9-da18-4ad3-abe7-6f443c76a717,TCGA-GM-A2DC,0.6453,174.3904,86.247,4.4914
715,316625b8-a217-4829-90d1-dfd9cb7e4bc3,TCGA-A8-A07J,11.8608,155.6856,69.7546,31.101
716,87f03d04-e651-4a6e-aea6-1c946aa46202,TCGA-BH-A0BV,11.4895,133.0814,60.6223,110.2389
717,0b0f9938-ce1e-4814-8821-0132d137eb9e,TCGA-LD-A7W6,23.4191,181.7677,160.492,30.6011
718,65cde5d5-1efc-4e30-b1bd-a93598794f2c,TCGA-C8-A12X,20.6437,72.802,188.619,9.7824
719,6ffd1b8c-6f0b-456a-9160-e0c8021e5897,TCGA-OL-A97C,21.3411,100.3959,69.3292,37.5671
720,0c23c380-363c-474d-b64c-b47f612a8225,TCGA-C8-A1HG,,,,
721,70931617-b3df-4a12-8e3f-2b2307602f48,TCGA-A8-A06X,63.359,143.742,364.1644,0.3432
722,70ab4f23-23c4-409f-a5cc-18a010c3a24e,TCGA-C8-A26X,9.5381,107.1332,0.7962,0.2547
723,0e1d0d46-7a7b-4538-95dd-b9fc20a15aec,TCGA-E2-A1BD,,,,
724,718db047-9f32-48c4-98c9-515218441bca,TCGA-E2-A1IF,12.4689,70.2714,120.3865,9.9221
725,719082cc-1ebe-4a51-a659-85a59db1d77d,TCGA-A8-A08G,38.9691,174.6571,269.8798,13.7093
726,71f97b63-c970-44ee-98c2-e02e663d5a40,TCGA-AR-A0U4,87.33,29.5451,2.4434,0.2327
727,7241b3d4-31ee-4fd2-a4a5-35a9d5f37d6a,TCGA-E2-A1B5,7.2129,18.9231,10.4135,1.1996
728,726c6892-0dce-4869-a7a7-cc44c26fe843,TCGA-C8-A9FZ,,,,
729,2680da86-c977-4611-b75f-df015283c023,TCGA-E9-A1R7,0.9816,22.3717,19.1784,9.4953
730,733a2a0f-b37a-4b81-b49e-3c0f30d1eb37,TCGA-A2-A04X,28.1492,877.1314,13.1925,10.7999
731,739cb132-51e9-41be-8064-311a13da0d74,TCGA-D8-A1XA,26.1129,158.1673,521.7272,128.2178
732,27b05b15-a44b-45ed-a6e3-e7d1ca488ea9,TCGA-A8-A09X,,,,
733,27c1c094-690b-4973-8900-a797ad88f98c,TCGA-D8-A27T,22.7765,187.9209,301.3225,107.327
734,7451af3c-acc0-4d79-8429-6b8be96911d8,TCGA-A7-A3RF,8.2287,12.6944,259.5242,0.6634
735,295cf595-4a29-46a3-a0c5-e5f08f947031,TCGA-A2-A1G6,1.4798,109.1138,91.0786,85.5622
736,7486a2b3-b09f-4e9c-9864-8b51b58d9fb3,TCGA-AC-A6IX,20.3309,108.8307,87.9686,1.9908
737,29fdc464-f216-4828-b456-829f71436e27,TCGA-BH-A0HW,,,,
738,752ad011-79e0-494f-9868-98bf6feb28f8,TCGA-E2-A14N,79.3038,15.5235,0.3312,0.5382
739,ddcbdac6-9e43-4146-a611-d033125eba14,TCGA-BH-A208,7.6853,58.1559,1.8864,1.2571
740,996bd3f0-d767-4eff-9c82-99fcb5a3006a,TCGA-E2-A1B0,70.8391,2093.3125,0.5464,1.0615
741,a53dd490-e0ba-419a-90c6-b905e241a8e5,TCGA-A2-A4S0,4.5341,75.2913,435.1003,255.7288
742,99e32c59-aa73-43fa-88c9-399ddadb2c72,TCGA-A2-A0D2,82.1764,61.5892,0.8011,0.7704
743,a6e11b30-3ae8-4dd1-b04c-a730c6a79746,TCGA-AR-A1AH,30.9339,112.5623,0.1127,0.1093
744,a6e5f869-1182-4f81-b4bb-cf55261c8f3f,TCGA-D8-A3Z6,8.0712,136.6274,76.3788,64.7164
745,9ba11ea8-97d3-464a-90a4-ec1151be9088,TCGA-PL-A8LY,10.3761,128.6077,26.371,13.8904
746,9c1ceb7d-6fed-4c2f-a89a-bf3c5b15ca58,TCGA-BH-A18I,26.8502,98.379,105.9738,18.4097
747,ba80db4e-d899-4da4-ae49-5263d98e1530,TCGA-A7-A5ZX,,,,
748,9ce7ce09-4409-4fa3-9f78-b2b24716f860,TCGA-A2-A04Y,19.5748,73.2467,54.7429,5.819
749,bac4b268-c781-4408-96d8-43a48fec7418,TCGA-BH-A2L8,,,,
750,9d166970-07c8-4ca3-9cfa-ed0049df9ecc,TCGA-BH-A1EW,48.9023,170.0055,123.2935,80.1812
751,baf5e81f-2322-41ec-9053-b9559a7993bc,TCGA-AN-A0FT,3.9503,1535.5699,41.8963,5.1525
752,9d95a65b-e41d-4f93-92d4-99dce29ff40d,TCGA-A7-A0CE,4.0086,113.8506,89.0348,27.6385
753,bdd08ec8-8892-4273-8f21-6fde0f23c52d,TCGA-EW-A423,7.9064,135.5692,230.721,0.4169
754,9de678e5-67ed-4453-a98b-7ac351d5d0f1,TCGA-A7-A0CH,2.5357,67.2983,60.5928,10.9302
755,becedbfd-b2aa-4dde-b7f4-29e6f59ec32c,TCGA-E2-A1IK,7.4243,24.926,383.6226,38.7624
756,66072c06-f251-4f0b-b6ae-12b407c52cc6,TCGA-AN-A04C,31.0449,1802.752,5.6662,0.1285
757,4da7abaf-ac7a-41c0-8033-5780a398545c,TCGA-E2-A10A,60.5697,139.2524,258.1121,44.6421
758,6644fd4e-d2fe-4785-a73c-0f36fcc740e2,TCGA-A1-A0SO,187.4349,187.6777,0.239,0.162
759,665dd3d3-779c-4abd-b5d7-13342340451d,TCGA-BH-A18N,1.39,97.8694,93.2092,57.5556
760,66fa504c-4ae4-49ac-9355-1e063776dc0d,TCGA-GM-A2DI,23.1901,76.5037,89.6934,46.8047
761,75b5529b-565a-4eba-918a-910b2f441d32,TCGA-A2-A1G1,69.0255,3076.7928,2.0723,0.6916
762,67c73260-a242-4bba-87c5-d2302556dff7,TCGA-AC-A3TM,21.8897,122.6199,28.6118,49.2228
763,76ace6aa-0505-442c-978a-f889cf2d44bb,TCGA-BH-A0E9,15.9932,203.7744,298.1809,54.3136
764,76bd9bb9-9a8b-4a90-bb7c-eafe76472ee4,TCGA-OL-A66H,11.513,112.9,128.3389,3.9378
765,77e25ae8-82ec-4dea-8e62-1176f27e47ba,TCGA-D8-A3Z5,4.745,279.042,86.1996,51.1811
766,784de7ac-8424-42eb-83d4-a1bebaa42b97,TCGA-A1-A0SM,,,,
767,78582fbc-dcc7-48ae-9f95-5271c9bc5b72,TCGA-AQ-A04L,7.2924,100.2928,25.5875,0.513
768,7861a5f2-8910-4bcb-9c34-f79c5acd6e21,TCGA-A8-A075,69.9658,75.496,26.7178,1.1815
769,786e8dbe-442e-4551-87b3-b4c333b04dd4,TCGA-BH-A0WA,80.0717,81.49,0.7212,0.4301
770,69a68fbc-e43d-4652-85ee-693211bded47,TCGA-E9-A1N4,7.1544,102.0436,24.7764,38.9855
771,790ff5db-b7f3-4946-aaed-305f66b1dd6a,TCGA-BH-A0AV,130.8276,64.927,0.5408,0.4555
772,6a186809-3422-41d0-83d2-867145830936,TCGA-D8-A1XO,17.991,142.3564,382.7998,14.7075
773,7aedb46a-48ec-4e0e-8baa-c9ea4c4a7cf1,TCGA-A2-A25C,96.539,168.4596,61.9049,17.802
774,6adca853-1b09-47ff-814c-47b732a76d96,TCGA-C8-A12W,46.5355,164.1056,60.9547,12.5867
775,7bcf6d42-eb8f-4aa2-825b-38671d4f9e3a,TCGA-BH-A0C3,42.1595,112.0745,57.398,4.7938
776,7c2a8440-0206-4039-8474-8d62f6c7de0c,TCGA-AN-A0AS,23.221,69.2481,54.8971,0.627
777,6b960b58-28e1-41c6-bd6e-7e669c6aa4ef,TCGA-BH-A18V,115.0093,107.6276,2.7019,0.4092
778,7dcf550c-90ce-4f63-aecd-0e46897e2a3e,TCGA-AC-A23H,,,,
779,7e8713bd-0b17-4f09-9696-bc29707d862b,TCGA-OL-A5RZ,23.4411,3532.8051,1.3054,0.0681
780,7eb18190-5a41-4637-9783-f81bbde499e4,TCGA-BH-A1FM,2.4768,86.0426,53.8467,14.9168
781,7f0bbba1-9bc3-45db-bdda-eb3319bb15d2,TCGA-BH-A0DE,7.9545,180.8175,88.9573,17.275
782,6cdc0d53-f813-4101-81e5-9bee68270536,TCGA-BH-A0H3,,,,
783,6d24e675-2fa4-4102-861f-7516650b3049,TCGA-LL-A5YP,,,,
784,0fe1419e-a005-407c-8ae7-15c4c1579539,TCGA-E2-A1II,75.3336,35.7415,0.4793,0.6972
785,43c0bec6-6fac-47b1-83cb-200a15a932be,TCGA-OL-A5RX,,,,
786,10c829ec-fd66-49c4-8afe-ad3ae567372c,TCGA-BH-A42T,48.4139,319.6816,130.8909,47.7308
787,43d5632e-7272-4aad-9496-7f5a99671223,TCGA-A2-A0T7,40.3572,155.6912,44.235,9.0202
788,1133b8a9-6b11-4511-b70a-f200e3b8b5db,TCGA-GM-A2D9,,,,
789,115bc72c-116f-40c1-be9b-e3dd7650efae,TCGA-D8-A1JE,,,,
790,44bec761-b603-49c0-8634-f6bfe0319bb1,TCGA-AO-A0JM,46.0434,926.0972,48.0753,1.8285
791,124b693c-77dc-4fa8-b703-54e8b5054a92,TCGA-HN-A2NL,72.4857,10.3717,0.9342,0.0645
792,4510295e-8aa7-4ef1-b2b7-91cc902f8200,TCGA-BH-A1EO,17.1217,91.8328,190.3932,574.8098
793,1285eb55-415c-494a-aa58-936f0427cdd0,TCGA-V7-A7HQ,,,,
794,56bbd282-b88d-4730-9242-ab97d08dc83a,TCGA-GM-A2DN,16.966,89.2328,82.8769,9.6365
795,5700c1b3-922a-4401-8ab8-89028908d696,TCGA-GM-A2DH,190.9926,136.6021,13.985,0.3051
796,00807dae-9f4a-4fd1-aac2-82eb11bf2afb,TCGA-A2-A04W,18.2538,1133.2294,1.4406,0.2754
797,00a2d166-78c9-4687-a195-3d6315c27574,TCGA-AN-A0AM,,,,
798,00b11ca8-8540-4a3d-b602-ec754b00230b,TCGA-LL-A440,8.2774,107.724,85.0932,22.8732
799,011b9b2d-ebe5-42bf-9662-d922faccc7a1,TCGA-A7-A26E,3.3099,41.8341,153.4486,8.1816
800,5a17dcd9-5ced-4a69-8069-23c7fd0649d1,TCGA-D8-A13Z,159.8472,74.9572,0.8408,0.7819
801,0130d616-885e-4a6c-9d03-2f17dd692a05,TCGA-D8-A1XY,4.9624,162.8631,159.4241,141.8944
802,5a57dc25-d252-4b22-b192-4de630d7002f,TCGA-BH-A0B9,38.1764,26.6345,0.462,0.0759
803,01b9f68b-4de4-4374-b4f2-8a0685e18153,TCGA-AC-A5EI,,,,
804,5aca16ca-4516-4e27-8249-6914029a7ebf,TCGA-A2-A0CK,13.699,160.0117,40.3482,23.2184
805,5b9a5cd2-5ec8-48a0-b9f2-da9bede0b089,TCGA-B6-A0X7,7.9537,159.4849,155.4513,10.3277
806,5cd79093-1571-4f71-8136-0d84ccabdcac,TCGA-WT-AB44,0.5111,65.4996,30.7406,1.2913
807,02bed00f-bef7-4fb7-b243-540354990e45,TCGA-A2-A0T1,21.5609,1699.1491,0.516,0.2172
808,02e6f999-24f2-4ad2-9b92-df3ee2b082e5,TCGA-D8-A1JC,40.9484,128.3033,428.4216,12.8067
809,03565036-b6d3-432f-8d9a-7099818e0788,TCGA-AO-A0JC,,,,
810,5dd423e8-feaa-4568-a750-500948c41d6c,TCGA-B6-A0I1,17.4965,91.3691,0.1839,0.0187
811,03ab1e9f-4918-404d-b178-3a4fd929c5e8,TCGA-C8-A137,55.5983,2196.5503,4.8504,0.3546
812,5e4187c9-98f8-4bdb-a8da-6a914e96f47a,TCGA-A8-A082,64.931,100.0631,137.0711,44.8501
813,045c13ef-3db7-4adf-b0a3-23338f0479f3,TCGA-B6-A0I6,70.0534,71.9338,0.2834,0.4393
814,5ea18514-51ad-4844-abea-15e82f0b10c9,TCGA-E2-A1L9,13.4943,89.0902,145.1337,30.5079
815,04af44fc-c487-4005-b3cb-cb64815824a2,TCGA-B6-A0IO,17.4184,73.6762,425.5129,9.3184
816,5f5964a8-8e07-4620-98f0-93d162dbc31e,TCGA-A8-A08O,41.3513,245.5753,103.6886,61.9594
817,6f18f96e-c0c9-4cc4-9fb2-cba8949d5402,TCGA-E2-A9RU,26.3576,68.3589,54.0656,1.2808
818,a2934508-3daf-49e2-b14f-ed9b7693f96f,TCGA-A2-A0ES,8.9695,151.7257,104.8971,109.4654
819,a82d0a57-4383-473d-b334-d13b278404b1,TCGA-OL-A5RW,21.1323,61.7371,0.3086,0.0473
820,a851ca14-7bbf-455b-a054-ec03979a4247,TCGA-BH-A0DQ,16.5001,70.8407,76.7308,41.4568
821,a855c228-a263-44df-87a0-cbc32187e3f5,TCGA-C8-A1HJ,37.6211,5.213,0.4475,0.1987
822,a8a199c9-d781-4e6c-af8c-c85d60c7cd40,TCGA-C8-A1HL,36.6468,208.3448,42.0244,0.5397
823,8cccf160-93e9-48a5-9b8b-54aa50153142,TCGA-A8-A07P,13.4092,523.7963,431.9029,17.4829
824,a8e7d8a4-bbf0-496b-b387-8e014cfdcea6,TCGA-A2-A3XU,9.3435,38.2923,2.0728,0.0955
825,452672e8-b6d9-45b5-bb02-e88e03e2dd66,TCGA-A8-A09W,142.5037,120.5976,157.6828,0.486
826,45c3975c-d333-4237-93f7-e12dc2451c38,TCGA-E2-A56Z,11.437,89.5864,255.8582,4.4116
827,4649dee3-b668-44cd-ab97-3834de3ef8f8,TCGA-AN-A0XL,16.6987,216.6071,214.0778,19.5845
828,3e637872-f5e5-49d3-bb0d-9c16b8713382,TCGA-LL-A73Z,9.449,76.3808,20.584,6.2624
829,3e775c99-ceda-4246-8d6f-0f58ca5097c8,TCGA-D8-A1JM,99.3977,84.2776,19.9383,0.0332
830,4842bac3-abaa-4900-871f-f2c3ba6457f5,TCGA-E9-A1R6,23.2545,297.5423,610.5443,87.7964
831,3ea9412b-429e-4dcf-90cd-c53be06885a1,TCGA-AO-A0JB,4.3494,13.3692,12.6219,1.8446
832,491b6364-1223-474f-816f-e248c8c841e2,TCGA-BH-A0DH,15.4404,142.7667,139.6456,25.3142
833,6e6408d6-6c48-4dfc-9f1c-28b7386e87b4,TCGA-B6-A0I8,9.323,323.146,55.8948,0.6777
834,4922cddc-575c-4b8a-8245-ce5f6876760c,TCGA-E9-A1R3,0.253,90.2731,76.025,18.1302
835,a1872011-b928-4189-ac02-e87506c20bca,TCGA-A2-A0YC,18.9924,271.8819,272.136,228.8409
836,495f9eda-b9be-4eef-bae1-766a4bfbd68e,TCGA-AO-A12F,16.0963,82.2702,0.3307,0.5103
837,cc510968-fe52-4109-a79f-74f216b48c78,TCGA-D8-A1XJ,70.8556,3938.5181,133.0124,0.954
838,ccb22ecc-6e18-44b8-ad48-6ab51314b16e,TCGA-D8-A142,15.2319,89.9208,0.8963,1.0123
839,ccd4a24b-d8cc-4686-9dee-c98b0c5a8d21,TCGA-A2-A04P,9.1806,18.4188,6.0375,0.1169
840,05af737d-89aa-49b6-97b2-28b8ac8bd2cf,TCGA-AC-A62Y,5.2394,71.308,338.8099,107.014
841,cd3faa15-743c-476f-ab0d-f205b14126b6,TCGA-B6-A0RV,28.7771,94.6621,311.2496,139.1187
842,0741b5db-4405-42ba-b63a-c6ee4f341480,TCGA-BH-A1EY,11.7199,87.033,173.0495,40.2924
843,cd7fb75e-1c2e-4201-86d3-b3ba21f476bf,TCGA-OK-A5Q2,24.9384,307.8282,75.5286,3.3564
844,08306ede-e74b-4be9-b768-7fd98647b6ac,TCGA-A2-A0T6,7.0659,252.815,46.9941,56.6724
845,084c6aec-94f7-4090-8f3f-59fa9e89721a,TCGA-A2-A0D1,38.8728,1122.8745,0.6555,0.1394
846,08740d7f-5a5e-4dfa-bd48-7fbf228a7a28,TCGA-B6-A0WZ,16.7515,118.1031,164.1666,80.369
847,ce9e0309-9756-42d2-ae94-d91264a79498,TCGA-E2-A1LA,20.4552,125.4306,110.3334,1.9751
848,cea9d8f9-e18c-4947-a461-5f712e3c1e6d,TCGA-E9-A229,34.4446,137.3579,65.0168,93.4303
849,08de63a2-7b76-43c3-80dc-df748b1d81bc,TCGA-A1-A0SQ,18.5322,98.2741,171.3563,97.6692
850,0930e97a-72ea-4bd5-b2f0-50c76af695f3,TCGA-GM-A3XN,9.5212,92.5889,27.0057,52.4497
851,09a5e9fd-d816-4f8c-baa9-0e40ba607b16,TCGA-LL-A7SZ,12.5277,23.2829,15.5054,3.665
852,09c2bc35-c21f-4aa4-ac30-0d8db02ad811,TCGA-A8-A09Q,34.4175,63.4301,302.6561,67.0075
853,cffe832c-8a81-4cdb-8b25-df7f35afafdc,TCGA-S3-AA0Z,169.9564,126.3553,64.9227,0.2727
854,d071c16b-7cee-45ed-8ec9-612418143815,TCGA-A2-A0CS,8.6747,143.0407,233.0839,40.565
855,2b36853f-34d3-47c5-ba6a-e5a93233d2b1,TCGA-AC-A7VC,26.3983,19.4899,0.5781,0.6664
856,2bcacfd1-6a45-4b96-9b80-2ad569b1ab45,TCGA-S3-AA12,19.8732,271.1631,336.504,0.5333
857,e0929c47-cff3-4518-a188-8764af01073a,TCGA-E2-A14T,22.9779,153.2091,198.9393,1.9754
858,e0b1bcd2-1139-44b9-98b3-67bcf92bcc39,TCGA-E2-A1B6,22.5646,34.9069,1.0036,1.751
859,2c90d5e3-ac8c-4c86-a06f-42ccc064eb49,TCGA-D8-A1XZ,21.7196,57.253,58.744,0.8591
860,e112b452-8850-4353-bfed-0dbdc243290b,TCGA-AN-A0FW,19.8087,48.9045,308.7869,21.3203
861,e1786e78-ac46-46fd-8ce0-8f7456e46082,TCGA-LL-A8F5,13.0942,23.5674,2.2428,0.0828
862,8f34cb4c-5798-47a0-89a1-f0ee26a8ae93,TCGA-A2-A0YK,14.7754,80.1998,183.1573,2.9287
863,2d0d7ff4-7866-4ae1-9cf1-a3c7f4cbe48d,TCGA-E2-A1IE,17.2225,185.6154,263.2268,10.588
864,8f9ad301-6699-4078-a80d-886e40894af7,TCGA-A7-A3J1,14.9305,245.001,178.5678,1.7389
865,de531604-bd1a-49df-96c2-6de3ae703f1d,TCGA-D8-A1XG,29.6234,59.5217,591.5419,132.1772
866,910655da-2c12-4572-96b7-ded616e69b4b,TCGA-MS-A51U,10.2462,213.5026,55.8711,33.5841
867,de75d0b9-0f47-4732-8df5-05c350cfcd32,TCGA-AN-A0FY,52.7471,76.7723,172.5871,182.2273
868,91da548b-5c64-49c3-a44a-1ef115f53311,TCGA-LL-A50Y,6.9049,241.2905,200.1301,43.438
869,1fef9454-b3e8-4d9d-a9aa-aa1f1a32b80c,TCGA-E2-A15J,20.8032,179.2413,62.2913,23.6023
870,92654f8d-5137-4ffd-aaa3-5ae38eb88226,TCGA-A7-A2KD,39.1788,2435.8027,166.267,60.0263
871,2021ed1f-dc75-4701-b8b8-1386466e4802,TCGA-BH-A0H7,14.6688,82.761,98.1614,43.3105
872,92b842c5-f71b-4ef7-ba86-358d28e0966f,TCGA-LL-A6FQ,6.7891,213.1024,126.201,2.3326
873,93ed6066-b567-4e1c-ab81-23370f9d3452,TCGA-BH-A0AY,2.0126,56.4389,98.7067,48.8752
874,214a4507-d974-4b3e-8525-7408fccc6a0f,TCGA-BH-A0B7,33.2332,3481.9095,1.2781,0.7851
875,9434687a-197c-4959-b6b8-9c05f1dd7f53,TCGA-B6-A3ZX,43.8758,45.4756,1.9256,0.3717
876,21ef1730-e5a7-47ce-b419-d000bb59ae15,TCGA-BH-A1F0,0.6234,64.0822,50.2678,11.6689
877,94b03e1d-50ec-4680-bffd-7086d1536ff2,TCGA-AR-A1AK,17.5589,165.5658,99.7201,36.8882
878,233b02f3-c4f0-4a67-9db5-e68d5cdaccb6,TCGA-BH-A18U,71.3551,2251.1868,158.5249,21.928
879,9536bec0-dae0-4d63-a1b3-956741835243,TCGA-AO-A0J7,43.3755,136.1979,348.9622,16.223
880,23b7aaea-1119-4b10-aa1a-0ae255d2f2a6,TCGA-E2-A14U,1.087,273.003,203.7211,76.2871
881,959ff069-8a49-4c9b-85c2-5291cac0acff,TCGA-C8-A3M7,13.7186,75.1566,13.3628,2.4938
882,23dabeef-8e3c-44bc-9a12-a9522d17be5c,TCGA-A8-A076,31.2161,1048.3868,65.5642,4.7048
883,23e7a78a-1d56-4ad1-9bb4-72ec0178aff2,TCGA-AR-A1AJ,,,,
884,24046547-d038-4616-b190-52ac93f4965f,TCGA-E9-A1RE,,,,
885,95e949d3-b1f3-46c6-9451-8fe92c99e4cf,TCGA-AN-A0XS,10.0488,121.6894,160.9404,204.8064
886,96312510-c126-485d-8109-ed81844a1dc3,TCGA-AN-A0G0,8.7418,117.635,0.1223,0.14
887,a32cb96a-78bf-456e-a6ab-2d47b2c67ad4,TCGA-BH-A0BT,1.6926,165.0193,263.3877,65.3407
888,96b9c7db-1be1-4b60-b47c-26b654c3d64c,TCGA-BH-A0DV,1.5379,141.9112,67.4914,12.5885
889,a45d296e-efc0-479e-b2f6-bad834668cdf,TCGA-AC-A3YI,,,,
890,96f02be7-f2df-483c-8968-a5bd2d887206,TCGA-D8-A73U,4.8294,51.1269,53.1154,31.1449
891,1cc30842-4a5b-4f07-b36f-5b84ceaa5662,TCGA-BH-A8FZ,9.1701,297.7484,21.6184,9.1152
892,1d27253f-b036-44e7-a04d-8da5bbf57419,TCGA-E2-A1LK,21.5297,114.8955,1.3513,0.0239
893,1d38d356-d126-4476-94d0-26616b9375b1,TCGA-OL-A5RV,9.8533,318.0912,117.6079,127.9644
894,1d75e89d-4b01-443c-be54-749c7a667bf4,TCGA-LL-A5YL,,,,
895,1e68e760-a4cf-4100-bf9c-e50fa8d126f6,TCGA-B6-A0X0,14.8439,212.3436,117.6312,67.0617
896,33cea538-4c3f-470a-972d-257c43241ab4,TCGA-C8-A135,48.5112,1397.9296,0.9366,0.644
897,1f8f87cb-8a0b-474c-97fb-c71b4fd88d97,TCGA-AO-A1KT,20.6194,126.4084,83.2048,13.5316
898,4f608829-ffc4-4527-886e-6bc764ab29f5,TCGA-BH-A0BG,28.1506,73.6394,0.7337,0.1958
899,35ca5e2a-861a-4dd2-a4ce-d294cf080da3,TCGA-AQ-A54O,4.7323,55.0204,74.7547,11.0478
900,360d1d6d-cf3e-4c78-b36f-ef5e3160aa6b,TCGA-BH-A0AU,1.1749,114.5722,74.9867,78.7825
901,518f231c-f5f9-4a39-a97b-7fd5666d3e50,TCGA-BH-A0AZ,13.2729,90.1035,45.0437,4.3194
902,36d77496-99f8-4911-ba7c-89fae32662aa,TCGA-A2-A0T5,14.1594,164.5431,88.8929,95.4889
903,523e24a2-51b9-4658-be2f-42e5fccebb17,TCGA-A7-A5ZW,3.7466,167.1296,92.4978,96.2595
904,530ad151-703d-4638-851f-0b5111ff318b,TCGA-D8-A1JD,,,,
905,5362cbc4-cd28-4afd-a8ac-1a4c2c33cad2,TCGA-B6-A409,9.7902,53.3979,1.5197,0.9365
906,539bbbed-43fb-4fef-9c67-6406f58b186a,TCGA-E9-A248,,,,
907,12d31787-e54d-4729-ace8-9141043c92b8,TCGA-A2-A0ST,,,,
908,1347c23d-8d6e-4c15-9461-640249838c96,TCGA-LL-A6FR,20.685,87.9859,1.0048,0.1268
909,38a631a1-6875-4216-a335-ee93c90a86d6,TCGA-D8-A1Y1,43.222,113.0638,145.9721,112.9146
910,13ca97a1-75bb-4a49-b8c3-181e5b2c9e86,TCGA-AR-A0TT,36.3474,63.3234,69.8823,0.4328
911,38dc3e09-0b0e-4a29-b318-cc0352013dae,TCGA-LD-A66U,3.1774,146.9674,37.567,33.6536
912,1549dc64-3dab-43fc-96e9-b07d520957e1,TCGA-D8-A27F,,,,
913,157ec9e0-ca6e-4da1-9233-f976cf0db433,TCGA-B6-A0IB,,,,
914,3aaabc62-f5a4-4025-9b29-5adf82c86c84,TCGA-AO-A1KP,20.3881,47.5088,234.485,113.0784
915,161917b8-88ad-407b-ade6-d6b98478b359,TCGA-E9-A22H,57.6576,114.9718,282.0329,186.3376
916,5fd9552a-c742-4388-940d-295d1107ae00,TCGA-AR-A1AY,105.4462,74.9577,3.3748,1.082
917,16a8d916-ad46-4690-b1a5-3b2b323f4336,TCGA-B6-A0IN,,,,
918,174850b4-5ec2-462b-a890-89bd1716b3c2,TCGA-A2-A3Y0,,,,
919,6014a582-d22e-46e1-9000-c8e2fbad7acf,TCGA-AR-A254,107.5866,2051.7632,23.5308,36.3634
920,178b2c48-c07d-422e-ae17-8bcfd996ad51,TCGA-B6-A0X1,,,,
921,606fbc6a-b41b-441d-9401-51e54912bf5e,TCGA-BH-A0E1,68.6083,85.1104,140.0358,354.8032
922,60df7543-6da5-4c75-943b-5800c1e08234,TCGA-E2-A14X,27.5781,52.1876,2.5124,0.3226
923,61204cdf-3b1c-44a1-bda6-0fef1ac4a333,TCGA-HN-A2OB,3.5315,264.1391,59.8119,36.5673
924,623befd6-0ca4-4a6c-9cf5-d9385c3b718f,TCGA-AR-A1AO,22.6587,50.7955,5.1629,4.0902
925,626b4ff0-2188-4a14-aac8-6703c624917f,TCGA-A8-A09M,22.3708,111.7389,212.1085,16.0785
926,62d70067-ff77-4f95-8b69-f537abaf74ce,TCGA-D8-A1J8,47.4923,29.5346,355.3437,1.5466
927,6397d7bc-9cb1-4a84-81ad-76954e0a8cee,TCGA-GM-A4E0,2.5387,56.5094,40.8784,12.0822
928,6412854a-f874-469e-9d1f-8bd3ae5bd41d,TCGA-A8-A08R,63.4818,174.6678,0.696,0.4391
929,6429c443-8ac3-407f-bb9c-66420b904bbf,TCGA-E2-A573,31.5898,42.5154,0.4084,0.1969
930,6439621e-da61-4723-91cc-c5d87d0a4abc,TCGA-AR-A0TV,41.9602,60.1906,611.4407,55.6665
931,3ecb0147-276d-486c-9af0-ce437c24ba83,TCGA-BH-A0BR,31.3888,110.539,21.9274,0.7658
932,3efa245d-177d-4ef9-94f7-f554c54e345e,TCGA-A8-A0A1,30.3025,124.4114,394.3063,19.4112
933,408cb583-6dc3-4698-8bd2-e284042bd5ef,TCGA-E9-A1RH,34.8427,63.0279,1.3592,0.5086
934,417dea5f-f68e-4dab-940e-43ae8c67e5e6,TCGA-BH-A1EV,38.0445,1898.057,117.049,1.7776
935,418c11e8-2670-48d5-bbf5-95b46bff1201,TCGA-A2-A4S3,60.7133,88.6073,175.3921,22.4193
936,4229e432-6ac5-49d2-b58a-e8713ddb79bd,TCGA-AR-A2LQ,11.3744,181.9651,24.2175,3.4822
937,42621dfa-abfd-4c7d-8bc5-a02a09d1c2b4,TCGA-C8-A12Z,67.0526,5893.2766,0.6031,0.2522
938,b8b6cebc-26dc-43ae-a94a-20da6018f7ae,TCGA-C8-A133,3.8984,86.0061,142.3374,43.3401
939,b956df1b-bc77-4bdb-a5bd-5dda7b4c8da7,TCGA-E9-A22B,8.5561,81.7153,133.6251,0.6723
940,b95eef8a-205f-4cf8-9d3c-ae51d406e1e0,TCGA-E9-A228,86.1622,564.478,426.6224,0.5409
941,b97bf89a-7a85-4eef-ae7e-f787aead1f0a,TCGA-BH-A1FC,72.2835,23.0627,0.7106,0.1318
942,97b5f490-1cd9-4833-b903-5f4c6e45670d,TCGA-C8-A12U,30.0547,65.1121,57.5872,0.8612
943,9848307d-1bd5-40c1-b655-a33297aaf74f,TCGA-AR-A1AI,91.1135,71.2737,7.3055,0.0642
944,9857be0c-aeca-4a43-90b1-0535bd08e086,TCGA-B6-A2IU,18.3698,251.4837,144.4061,80.3404
945,98e0b4de-52fc-4945-9bf5-11e29368f939,TCGA-AR-A1AQ,27.6523,51.7513,1.4278,0.0671
946,98e709e7-e195-4b37-9537-f6081affb609,TCGA-A7-A6VW,56.0953,51.2286,3.301,0.0694
947,991e1427-3c01-423d-abfd-4584302ca72c,TCGA-A2-A0SW,29.0464,12.6768,73.9797,7.5463
948,993103b1-e5a1-4c33-8629-be53ebc41d64,TCGA-A8-A094,56.7175,77.6628,17.0352,3.2283
949,9938ce5c-e74e-446e-a932-f096f85cc3b1,TCGA-AQ-A04J,60.8348,47.7474,2.3102,0.9125
950,994ca1f5-ad10-44ec-aa21-71fc2940653b,TCGA-E9-A1N9,79.6382,72.6461,281.7931,1.9361
951,995fdab7-7284-4d33-befa-ec22aa7c6479,TCGA-A8-A0A7,14.9412,666.1681,6.4675,1.8323
952,b7f74ae1-6f58-447c-be50-a7666eb19d9a,TCGA-AO-A1KR,32.282,66.1999,0.5863,0.2147
953,b8a44fdf-9cb9-4123-9ab0-4bc198921fee,TCGA-OL-A5RU,3.808,228.6691,312.7242,17.1402
954,b8a615f9-d19b-4b09-8ec8-0674e5c648cd,TCGA-C8-A12N,7.0996,68.6715,164.3056,66.5192
955,b8aefc48-4a6e-4254-a57f-5f688399b582,TCGA-LL-A5YO,18.0985,70.4861,0.6134,0.1989
956,7fe4670d-4626-459d-869b-ab15f478c6a7,TCGA-A8-A08A,13.247,157.3039,283.4721,52.7699
957,80419545-4e5d-4baf-8948-f84589b5ef3e,TCGA-D8-A4Z1,6.6609,223.8895,45.6904,52.2526
958,805bfe39-3695-43c2-93e4-d66d0559b89f,TCGA-A2-A1FZ,19.7352,193.6928,332.9077,108.5608
959,807b62ed-d3f7-4211-83be-754386ff2c96,TCGA-E9-A3HO,11.988,74.2016,63.6478,15.1384
960,8183f0fb-2303-4d7b-bccd-55e5031fc7df,TCGA-AC-A6IW,32.5033,35.4135,1.4212,0.2186
961,81b70c58-4a12-448c-a594-2ade44f6a0ae,TCGA-AC-A3TN,3.4927,205.6949,227.4379,19.2363
962,81e32f39-3aa0-468b-87ed-dd2eb6165ddf,TCGA-EW-A1P0,25.1026,9.878,135.4702,0.4857
963,81e7a3d3-be70-4834-8018-4d2cc077a4e6,TCGA-A8-A09Z,21.2296,206.6126,156.6902,0.0404
964,f801aeed-dc43-49d7-a319-84c8851979d9,TCGA-E2-A10B,24.6374,106.5658,337.3879,22.8872
965,f81ac8a2-4ce6-439e-b027-1c0bfc88ceaa,TCGA-OL-A66P,4.836,102.4417,0.7442,0.1535
966,f83b866b-0b2e-4bba-9367-be6dccf56232,TCGA-E2-A2P6,20.5644,141.4335,250.8762,0.8758
967,f89588e9-ca73-4465-a7fb-7246edb45e3a,TCGA-XX-A899,17.9912,163.4713,40.5601,152.3106
968,f954de05-1b44-4087-8933-6cc72d81028d,TCGA-E9-A1N5,62.3817,115.347,22.6642,53.3325
969,f9eb88f7-9293-46bf-ace4-a746e4ff80dc,TCGA-A8-A086,30.5158,79.9166,238.186,278.3367
970,fac173a8-1613-4bd4-87ba-83a2cfe8a37d,TCGA-AC-A3EH,10.5046,296.7678,118.6687,0.3784
971,fb356957-f620-4d99-b675-1355a1d9f932,TCGA-E2-A14O,17.6586,88.5267,218.6589,105.3142
972,fb3607eb-858e-4ecd-8477-95140658c6d2,TCGA-E9-A249,28.7111,167.9679,171.237,299.908
973,fb57c598-b45b-478a-9d34-ca1f050d5b7c,TCGA-BH-A0DS,5.3571,103.4718,111.5382,25.3833
974,fbee40f1-d6d8-4156-8d42-36e09bb9f095,TCGA-S3-A6ZF,36.8939,134.5088,236.1924,9.9024
975,fc18d029-9be2-4fa0-9aef-6d647dc55f0b,TCGA-D8-A147,84.5675,98.6787,0.5466,0.3307
976,fcef8cb5-fb2c-4bfb-82cd-6b9f3145182c,TCGA-BH-A0HP,22.8922,100.7609,173.3383,2.7349
977,fd0b1b8b-1a76-480a-b61c-d176e4e02c6b,TCGA-B6-A40C,23.0839,140.743,21.4284,40.4395
978,fe15c48b-116d-461e-9b40-68514730fd18,TCGA-A2-A0CP,1.9973,85.5183,48.3719,92.057
979,fe2cd610-aa52-4789-ac62-7683281bb22f,TCGA-PL-A8LX,3.3625,167.5972,369.1274,28.576
980,fe7f74b8-20f4-4471-91dc-4cca8c68e5c0,TCGA-A2-A3XZ,22.3307,3248.2314,1.1005,0.8673
981,fec0da58-1047-44d2-b6d1-c18cceed43dc,TCGA-E9-A295,13.4011,113.6274,58.7952,23.9819
982,ff0f875f-113a-4c0f-8c0a-4259cd496e6d,TCGA-C8-A26W,27.5085,341.5401,127.2775,46.7614
983,bef7b135-a727-45e8-850a-cc4cd56c49aa,TCGA-AO-A0JJ,25.666,69.0459,230.1653,48.5659
984,bf3b1481-ae31-4406-b084-b6cc1d7163e3,TCGA-BH-A1FR,3.5144,83.1927,116.3867,21.8022
985,bfd49783-1767-469b-9d79-7822301c5efc,TCGA-BH-A18F,70.3306,68.0439,67.9961,4.8589
986,bfd55808-dddd-44c3-97d7-41600497b992,TCGA-B6-A0RI,53.5509,101.0934,181.6919,223.1631
987,c0427237-b476-4af4-b664-7bd479922ea5,TCGA-A2-A0EU,17.5631,117.0857,297.5869,217.5594
988,e783e518-c1e5-4eac-8eaf-e2d65ccd9692,TCGA-S3-AA15,16.6946,14.3524,1.4232,0.3695
989,8218119a-f68b-4ea7-9ee4-5e2edc2ae342,TCGA-E9-A245,14.5013,96.7643,81.0675,58.3714
990,82ec33dd-e783-4c74-9a87-797a699e11df,TCGA-AQ-A1H3,32.1388,311.4961,226.9331,132.6161
991,8332806e-f547-4aae-89af-6d5bec831fd2,TCGA-BH-A0HO,22.9691,110.0611,102.7968,85.4152
992,83f26720-007c-42c9-a7de-7484bf8afa89,TCGA-C8-A12O,35.035,99.6609,94.3424,27.613
993,83f943c7-3975-4b4f-985d-9c057741793b,TCGA-AQ-A04H,32.057,616.532,544.8953,0.5561
994,843c8f16-5e59-40d4-9ecc-8a75375156f6,TCGA-A2-A4S1,6.7376,2.3136,1.205,0.0396
995,844ad251-3ee4-42f6-ad00-59a7a1670eea,TCGA-BH-A0HY,12.6576,2317.387,101.6056,0.6866
996,848773a3-2f4a-4186-ab3f-de667129accf,TCGA-EW-A1PF,25.0159,106.4117,247.3777,8.5468
997,84a88e8d-1e65-4b88-aae6-bf4c7a7e4c33,TCGA-A2-A0YE,41.4259,111.8765,0.2322,0.2935
998,8539e15f-ba40-4219-aaeb-08d0ab101311,TCGA-B6-A40B,14.2157,193.373,43.8559,27.6456
999,8577ffcb-242e-40e2-98d4-2831d952be34,TCGA-AO-A125,10.5217,86.3054,380.8119,220.5398
1000,2dc1cec9-925a-417f-9e21-3c2143e711b4,TCGA-BH-A42U,2.7404,116.5553,29.307,6.1036
1001,2e1e3bf0-1708-4b65-936c-48b89eb8966a,TCGA-AN-A049,40.8068,279.4578,440.6878,45.449
1002,2e243f0e-9d7d-4cb0-9678-70607f90430a,TCGA-A7-A13H,7.9464,230.5442,158.1996,24.492
1003,316e021c-5175-4ab3-bdb6-2bf9683f657a,TCGA-AN-A041,27.2815,314.1924,103.2418,0.7856
1004,31c31cce-1b4d-4f12-922f-84f389403170,TCGA-A8-A079,93.5361,70.5741,376.1903,30.6357
1005,324bcba2-f6a4-45a6-807c-215bdffcca21,TCGA-A2-A0D0,69.5107,38.3901,0.2008,0.0305
1006,327a2395-85c8-42e1-9638-8e037a1723ed,TCGA-BH-A0BC,3.83,74.8071,40.6998,20.8721
1007,328dfcb0-b5ae-43f2-bc87-dad0ab3df9e7,TCGA-B6-A0I2,19.9943,48.3924,13.8457,0.1327
1008,32bc7cc4-d185-4594-bbee-4b96410be512,TCGA-A8-A08T,18.256,149.692,239.1745,7.7311
1009,32efa6e8-6b19-480a-9d04-ace02e93318a,TCGA-A2-A0CW,36.9478,160.4665,282.9346,37.3151
1010,49717f75-0f2d-4e1c-9a12-f1cd7877b80a,TCGA-AN-A04D,73.3096,63.8607,0.225,0.0721
1011,49a2fd48-744d-4d88-b9b4-8c778d4f48fd,TCGA-S3-AA17,15.9942,95.0096,203.6936,0.6263
1012,49dc3e68-6206-4f16-969f-a758cc7be8ed,TCGA-BH-A0BA,18.7319,144.7931,146.7943,5.7922
1013,4a16429b-884f-4c95-8683-feeedf0d6a55,TCGA-A2-A0D3,3.2133,210.0692,167.4161,162.1335
1014,4a831893-f4ca-4357-a756-b5e954e35dd7,TCGA-E9-A2JS,34.1007,177.1024,157.493,3.2596
1015,4ac693e9-10f3-46b3-9d46-df3af7b0d259,TCGA-E2-A150,24.3029,64.1387,1.3553,0.3117
1016,4b0d295c-e185-4b52-9752-178e5bc1d47d,TCGA-A8-A0A6,7.3457,178.125,60.4945,9.724
1017,4b4e4ea8-6eb9-49ad-b880-c5065fe6517f,TCGA-E9-A1RA,18.2505,117.6683,103.7717,70.2959
1018,4b620966-b4c7-4615-bf58-ca9d3226b9bd,TCGA-A1-A0SF,16.7734,125.6448,99.1798,79.4657
1019,4c313e5b-4dc3-408e-8e92-22427f74743e,TCGA-AC-A3W5,23.5098,2837.3542,6.8321,1.3461
1020,4cfef7f9-f1ee-401c-a2a3-c225d4adc3b6,TCGA-EW-A1PA,28.5254,71.7234,374.5731,3.0831
1021,8986a141-eae7-4157-b695-02cc6fc3b071,TCGA-BH-A1ET,0.8716,88.1268,59.3057,31.9752
1022,89a8da07-4487-47c6-8d3c-442a87e4f632,TCGA-E9-A227,12.4047,68.9543,89.81,42.8867
1023,89c128b9-1c6b-4c04-a4af-7066772e783c,TCGA-PE-A5DE,13.1818,67.7966,101.3352,32.6417
1024,89e867de-d30e-4bfc-a453-0a76309dabd5,TCGA-C8-A132,22.5409,2670.6747,187.184,13.41
1025,8ace3b8c-f23e-48a9-a137-9e046bd9549b,TCGA-BH-A0E2,55.3209,63.2765,134.5079,20.3219
1026,8b525ec6-d24b-49d4-bfcb-b354de4dae7c,TCGA-C8-A1HM,72.5007,77.3904,380.7754,7.3384
1027,8bd68696-5eeb-46d7-9dc6-c39c849029a4,TCGA-A8-A08L,60.5131,203.1505,29.2915,0.0881
1028,8c09f413-e938-4f2e-a414-84f0e7fcfe41,TCGA-A7-A4SD,50.3607,82.227,0.9016,0.118
1029,2e82e576-3095-4aee-9853-65f676647c34,TCGA-AO-A03R,38.028,14.5836,94.0292,2.2691
1030,2e8e70f2-c781-44c2-8f12-1f8c2f536aa3,TCGA-AN-A0FV,22.4177,3072.146,3.8632,0.353
1031,2f4cbedf-ed7e-45a2-bf34-f1d1e696bdde,TCGA-AN-A0FK,23.6079,89.0094,462.7569,118.6306
1032,2fd36838-5a83-433e-ac80-b1f77448e5aa,TCGA-5T-A9QA,14.1779,216.2315,51.8289,1.4831
1033,2fdfd287-d13c-4910-9788-73987d45908a,TCGA-A2-A0EM,11.7533,132.0,233.9413,247.4511
1034,2fe854b4-bac9-4801-9a1c-ee99388e8082,TCGA-AO-A12D,20.7358,2756.865,1.9464,0.6829
1035,30047d32-0833-4aca-98d1-3b9ab7122863,TCGA-AR-A24N,48.5089,126.2778,374.2277,55.5376
1036,303a1d77-a37a-4966-a4a4-9981d99ba1b4,TCGA-E2-A14Q,,,,
1037,31427699-e27a-4035-8925-6d8d6900d097,TCGA-E2-A3DX,9.3507,445.176,103.5551,69.0147
1038,1b4cfad1-e353-4411-97b6-2b7b9309e95e,TCGA-AC-A3W6,14.1424,69.0378,106.9977,1.0126
1039,1b703058-e596-45bc-80fe-8b98d545c2e2,TCGA-AR-A2LK,74.0501,125.722,558.0499,142.0741
1040,1be375fe-5ae5-4e75-a729-69f86a661d9a,TCGA-D8-A73X,9.3777,133.1931,257.6625,195.5042
1041,1c3610f7-e0aa-48d7-9a27-0dbaf6e244f9,TCGA-A2-A04U,37.2913,28.2135,0.0779,0.0779
1042,4e42fdc5-2a8b-49e9-87ef-6db7a6692d08,TCGA-B6-A0X4,4.676,78.7005,214.6089,63.3383
1043,4e509f73-99c7-48eb-a3a4-d34e3bface33,TCGA-OL-A5DA,9.7491,199.6276,137.8644,19.098
1044,4f321d41-3255-46a4-ae0d-1cf39699e624,TCGA-LQ-A4E4,22.9032,115.8239,354.6451,1.2581
1045,a8f5c479-8685-4e2d-bb60-63f1cc651083,TCGA-A7-A425,16.9829,118.9884,128.5706,31.9064
1046,241fffc8-4250-4cfa-b2e7-e68c33ae07dc,TCGA-AR-A24U,27.8424,1223.5537,3.7382,0.8388
1047,24334ac1-28a3-4b61-b590-3f51e375b247,TCGA-BH-A0HK,2.1915,120.713,71.8261,15.3787
1048,24e39609-9645-43e5-960b-db5446eaea65,TCGA-E2-A154,34.4529,165.67,369.5395,276.3535
1049,cab38ea8-4555-413c-b81e-4621aac4ef85,TCGA-BH-A0H5,14.7972,93.911,71.7056,12.1106
1050,cb0a2055-2168-4454-8755-47dd613db36f,TCGA-A8-A09R,35.7396,281.539,125.077,2.1173
1051,cc074b7f-d3b2-4880-902e-bf10e667b665,TCGA-BH-A18J,56.6848,109.3977,69.1585,5.0454
1052,cc0902fd-a2fc-4327-929e-d4219e32e1d7,TCGA-AO-A126,9.1041,78.4549,27.664,2.0098
1053,cc348a26-ee11-47a4-8b51-de922967e175,TCGA-A8-A09V,,,,
1054,8624354c-af25-423c-9c71-48a5dd821097,TCGA-D8-A1X8,,,,
1055,86b7b206-8e69-432d-acc9-bccce710955e,TCGA-AO-A0JA,34.0758,98.348,100.2216,8.2395
1056,86c6f993-327f-4525-9983-29c55625593a,TCGA-5L-AAT0,6.9193,156.7722,86.9088,9.008
1057,86cf879e-3b40-44dd-aaa7-6f49f54a15d9,TCGA-AC-A3YJ,6.4929,118.3023,169.3979,114.0823
1058,87281a89-91d2-44f7-9f80-668567ad5c72,TCGA-EW-A1J6,3.799,20.7696,153.6052,11.9043
1059,8744733a-7b46-43aa-bdef-64876816adbb,TCGA-E9-A1RG,17.635,114.347,161.333,23.0789
1060,8785012f-f73e-4d68-87cf-1d804af32782,TCGA-A7-A13D,58.1483,99.4073,1.2219,1.9397
1061,878f975b-94fd-4d69-b7e7-1ed3ac2ee438,TCGA-BH-A18H,12.5844,62.914,142.7056,34.2792
1062,e4fc0909-f284-4471-866d-d8967b6adcbc,TCGA-E2-A14P,48.8305,3000.0529,1.3282,0.4438
1063,e5aae05a-478e-4a55-a27c-12b2b4be302a,TCGA-AN-A04A,22.6827,56.5324,61.7897,6.2814
1064,e7a00d67-2c26-4d1f-bd17-35f659e88bc1,TCGA-BH-A202,43.388,799.7251,90.6472,14.6619
1065,e7db08a7-b439-4230-8dc4-1b54af4736c4,TCGA-WT-AB41,7.8224,65.0634,80.004,1.8765
1066,e828455d-4680-41b2-8a1c-1582e3790d62,TCGA-BH-A0RX,17.9969,38.0415,8.326,2.3087
1067,e89a9deb-6321-4e61-b412-b4993d4277dd,TCGA-A8-A07L,68.1247,146.4676,858.7739,12.6952
1068,2585edbd-3488-4100-a4ab-a161252a31ee,TCGA-D8-A140,20.9163,276.4974,285.9253,1.3337
1069,3af31fcf-ad0c-4fd9-a8e3-10f9176b5e9d,TCGA-AR-A5QQ,28.5113,26.0755,1.8601,1.2107
1070,3b01d064-8c00-4972-9f07-407eac8e7534,TCGA-BH-A0HX,28.5583,136.6534,140.2485,5.7327
1071,3b1f7e48-216d-47de-ba79-db350f52bff0,TCGA-C8-A27A,134.5527,72.851,123.0471,21.1658
1072,3b963d72-ba5c-467b-83c9-fbdb462510a3,TCGA-A2-A25D,11.8516,120.534,22.7202,0.2093
1073,3bf81a9f-abb4-4495-a514-fd3865e13a03,TCGA-BH-A201,28.2869,118.885,94.0457,94.4405
1074,3c08aabd-d5b5-4bbe-857c-38a7527b2163,TCGA-A8-A085,43.3171,160.6654,249.1169,0.2131
1075,3c275152-d04b-440c-9621-2fc05ea977b6,TCGA-AR-A5QP,9.1904,125.4084,165.2941,9.4095
1076,3c612e12-6de8-44fa-a095-805c45474821,TCGA-BH-A0W3,53.2805,271.2793,570.7411,52.1339
1077,3cb06c7a-f2a8-448b-91a8-dd201bbf2ddd,TCGA-AR-A24V,,,,
1078,3d676bba-154b-4d22-ab59-d4d4da051b94,TCGA-E9-A1NE,24.2679,84.468,71.6087,7.6592
1079,dfaabd03-2d40-4422-b210-caf112ff4229,TCGA-AC-A8OQ,25.8195,61.1024,1.1542,0.298
1080,dfd0b7ba-c7d3-498e-b455-346301865452,TCGA-AC-A23C,16.1181,680.2476,354.5433,4.052
1081,abdc76db-f85e-4337-a57e-6d098789da03,TCGA-C8-A12P,33.6438,874.7699,0.4872,0.7164
1082,ac075bc0-1b59-4557-beea-541694faee03,TCGA-E9-A1N8,74.0589,54.5655,0.1356,0.1133
1083,ac18b3a3-8d52-4e35-8625-673171a7fd92,TCGA-AN-A0XV,19.8283,72.3928,377.4511,12.394
1084,ac68d219-5670-4ddd-8df6-8aa7ad59e5c7,TCGA-EW-A1OV,38.2085,75.0,0.6262,0.0789
1085,ac6d3ba9-f84f-4657-aa85-4d66fb7c09da,TCGA-A2-A1FX,43.6662,122.8505,247.8713,54.3616
1086,ad0fa961-c085-4f38-b3db-5fc0cbf6b64f,TCGA-AR-A2LO,17.0179,155.4039,67.6277,49.3751
1087,ad6d26ab-6568-40db-bfb0-394d40e801cf,TCGA-D8-A27V,12.8462,98.3664,296.2347,15.3545
1088,ae65baeb-6b78-492a-8c63-bb7e93e83dc2,TCGA-D8-A27M,69.525,45.2744,3.1102,0.6998
1089,ae8c77fe-e6c8-44d5-8265-4a38c637bbef,TCGA-A2-A0YF,47.1967,127.0178,579.8867,20.5758
1090,aeb6a3a6-b57a-4c53-90e6-e833777dd2a1,TCGA-BH-A0H6,8.1563,110.1709,155.0969,478.1478
1091,af0acaa9-a61c-4e57-bc0d-453ad5bf193a,TCGA-OL-A66L,2.8134,104.0133,37.7937,11.9451
1092,af2a8e2f-2ae1-48bc-bba5-0e2c077c4e48,TCGA-D8-A1JU,2.3728,147.2834,213.3885,10.2993
1093,af5453a9-cf1f-40de-aec4-0e0710908fb7,TCGA-A8-A0AD,11.1937,215.9714,380.2327,98.9874
1094,af97e043-88cb-4f99-8f8b-9bcbcccdf842,TCGA-EW-A2FR,19.363,3193.9953,2.6096,1.4894
1095,b0700958-5f90-4546-b35f-635cd506889b,TCGA-PE-A5DD,15.2501,69.9841,215.5622,21.6844
1096,b0bcb829-cee0-4247-bb75-093a5bea89ee,TCGA-E2-A105,25.0277,171.5249,488.5342,10.8194
1097,b0f8d698-a30e-4d8d-b0a2-a5a01fac8406,TCGA-A2-A0T4,45.9439,140.8602,257.0612,69.8533
